Name,Easting,Northing,Elevation,Description,Longitude,Latitude,Ellipsoidal height,Easting RMS,Northing RMS,Elevation RMS,Lateral RMS,Antenna height,Antenna height units,Solution status,Averaging start,Averaging end,Samples,PDOP,Base easting,Base northing,Base elevation,Base longitude,Base latitude,Base ellipsoidal height,Baseline,CS name
5,,,,,-114.38370918,43.33866569,1466.778,,,,,1.886,m,FIX,2022-06-03 10:30:43.8 UTC-06:00,2022-06-03 10:30:43.8 UTC-06:00,1,1.3,,,,-114.3834972,43.33865517,1462.44,17.592,Global CS
6,,,,,-114.38379327,43.33874161,1467.177,,,,,1.886,m,FIX,2022-06-03 10:31:32.8 UTC-06:00,2022-06-03 10:31:32.8 UTC-06:00,1,1.3,,,,-114.3834972,43.33865517,1462.44,25.641,Global CS
7,,,,,-114.38378412,43.33873888,1467.130,,,,,1.886,m,FIX,2022-06-03 10:31:39.8 UTC-06:00,2022-06-03 10:31:39.8 UTC-06:00,1,1.3,,,,-114.3834972,43.33865517,1462.44,24.843,Global CS
8,,,,,-114.38379038,43.33874842,1467.162,,,,,1.886,m,FIX,2022-06-03 10:31:49.6 UTC-06:00,2022-06-03 10:31:49.6 UTC-06:00,1,1.3,,,,-114.3834972,43.33865517,1462.44,25.656,Global CS
9,,,,,-114.38378054,43.33874775,1467.116,,,,,1.886,m,FIX,2022-06-03 10:31:56.4 UTC-06:00,2022-06-03 10:31:56.4 UTC-06:00,1,1.3,,,,-114.3834972,43.33865517,1462.44,24.884,Global CS
10,,,,,-114.38382657,43.33884542,1467.344,,,,,1.886,m,FIX,2022-06-03 10:33:01.6 UTC-06:00,2022-06-03 10:33:01.6 UTC-06:00,1,1.3,,,,-114.3834972,43.33865517,1462.44,33.33,Global CS
11,,,,,-114.38381873,43.33884303,1467.332,,,,,1.886,m,FIX,2022-06-03 10:33:12.8 UTC-06:00,2022-06-03 10:33:12.8 UTC-06:00,1,1.3,,,,-114.3834972,43.33865517,1462.44,32.66,Global CS
12,,,,,-114.38381542,43.33885114,1467.316,,,,,1.886,m,FIX,2022-06-03 10:33:24.2 UTC-06:00,2022-06-03 10:33:24.2 UTC-06:00,1,1.4,,,,-114.3834972,43.33865517,1462.44,32.981,Global CS
13,,,,,-114.38382359,43.33885391,1467.337,,,,,1.886,m,FIX,2022-06-03 10:33:34.0 UTC-06:00,2022-06-03 10:33:34.0 UTC-06:00,1,1.3,,,,-114.3834972,43.33865517,1462.44,33.697,Global CS
14,,,,,-114.38389846,43.33887794,1467.805,,,,,1.886,m,FIX,2022-06-03 10:34:02.8 UTC-06:00,2022-06-03 10:34:02.8 UTC-06:00,1,1.3,,,,-114.3834972,43.33865517,1462.44,40.195,Global CS
15,,,,,-114.38390750,43.33888025,1467.871,,,,,1.886,m,FIX,2022-06-03 10:34:12.8 UTC-06:00,2022-06-03 10:34:12.8 UTC-06:00,1,1.3,,,,-114.3834972,43.33865517,1462.44,40.943,Global CS
16,,,,,-114.38391142,43.33887202,1467.890,,,,,1.886,m,FIX,2022-06-03 10:34:25.8 UTC-06:00,2022-06-03 10:34:25.8 UTC-06:00,1,1.3,,,,-114.3834972,43.33865517,1462.44,40.696,Global CS
17,,,,,-114.38390047,43.33886882,1467.786,,,,,1.886,m,FIX,2022-06-03 10:34:37.4 UTC-06:00,2022-06-03 10:34:37.4 UTC-06:00,1,1.3,,,,-114.3834972,43.33865517,1462.44,39.756,Global CS
18,,,,,-114.38392683,43.33883897,1467.823,,,,,1.886,m,FIX,2022-06-03 10:34:59.8 UTC-06:00,2022-06-03 10:34:59.8 UTC-06:00,1,1.3,,,,-114.3834972,43.33865517,1462.44,39.9,Global CS
19,,,,,-114.38392961,43.33883583,1467.819,,,,,1.886,m,FIX,2022-06-03 10:35:07.6 UTC-06:00,2022-06-03 10:35:07.6 UTC-06:00,1,1.3,,,,-114.3834972,43.33865517,1462.44,39.937,Global CS
20,,,,,-114.38392425,43.33883249,1467.759,,,,,1.886,m,FIX,2022-06-03 10:35:15.4 UTC-06:00,2022-06-03 10:35:15.4 UTC-06:00,1,1.4,,,,-114.3834972,43.33865517,1462.44,39.377,Global CS
21,,,,,-114.38392009,43.33883604,1467.749,,,,,1.886,m,FIX,2022-06-03 10:35:23.4 UTC-06:00,2022-06-03 10:35:23.4 UTC-06:00,1,1.4,,,,-114.3834972,43.33865517,1462.44,39.262,Global CS
22,,,,,-114.38397267,43.33886005,1468.100,,,,,1.886,m,FIX,2022-06-03 10:36:20.6 UTC-06:00,2022-06-03 10:36:20.6 UTC-06:00,1,1.3,,,,-114.3834972,43.33865517,1462.44,44.291,Global CS
23,,,,,-114.38395678,43.33885309,1467.975,,,,,1.886,m,FIX,2022-06-03 10:36:34.6 UTC-06:00,2022-06-03 10:36:34.6 UTC-06:00,1,1.3,,,,-114.3834972,43.33865517,1462.44,42.784,Global CS
24,,,,,-114.38395166,43.33886801,1468.080,,,,,1.886,m,FIX,2022-06-03 10:36:46.8 UTC-06:00,2022-06-03 10:36:46.8 UTC-06:00,1,1.3,,,,-114.3834972,43.33865517,1462.44,43.242,Global CS
25,,,,,-114.38396532,43.33887453,1468.104,,,,,1.886,m,FIX,2022-06-03 10:36:56.0 UTC-06:00,2022-06-03 10:36:56.0 UTC-06:00,1,1.3,,,,-114.3834972,43.33865517,1462.44,44.564,Global CS
26,,,,,-114.38384074,43.33898842,1467.551,,,,,1.886,m,FIX,2022-06-03 10:38:03.0 UTC-06:00,2022-06-03 10:38:03.0 UTC-06:00,1,1.3,,,,-114.3834972,43.33865517,1462.44,45.207,Global CS
27,,,,,-114.38384547,43.33897958,1467.646,,,,,1.886,m,FIX,2022-06-03 10:38:12.6 UTC-06:00,2022-06-03 10:38:12.6 UTC-06:00,1,1.3,,,,-114.3834972,43.33865517,1462.44,44.693,Global CS
28,,,,,-114.38383190,43.33897791,1467.557,,,,,1.886,m,FIX,2022-06-03 10:38:20.4 UTC-06:00,2022-06-03 10:38:20.4 UTC-06:00,1,1.3,,,,-114.3834972,43.33865517,1462.44,43.847,Global CS
29,,,,,-114.38383315,43.33898777,1467.567,,,,,1.886,m,FIX,2022-06-03 10:38:28.8 UTC-06:00,2022-06-03 10:38:28.8 UTC-06:00,1,1.3,,,,-114.3834972,43.33865517,1462.44,44.77,Global CS
30,,,,,-114.38391427,43.33897693,1467.901,,,,,1.886,m,FIX,2022-06-03 10:39:06.4 UTC-06:00,2022-06-03 10:39:06.4 UTC-06:00,1,1.3,,,,-114.3834972,43.33865517,1462.44,48.26,Global CS
31,,,,,-114.38392344,43.33897733,1467.918,,,,,1.886,m,FIX,2022-06-03 10:39:15.6 UTC-06:00,2022-06-03 10:39:15.6 UTC-06:00,1,1.3,,,,-114.3834972,43.33865517,1462.44,48.817,Global CS
32,,,,,-114.38392385,43.33897028,1467.912,,,,,1.886,m,FIX,2022-06-03 10:39:22.8 UTC-06:00,2022-06-03 10:39:22.8 UTC-06:00,1,1.3,,,,-114.3834972,43.33865517,1462.44,48.3,Global CS
33,,,,,-114.38391514,43.33897083,1467.859,,,,,1.886,m,FIX,2022-06-03 10:39:31.0 UTC-06:00,2022-06-03 10:39:31.0 UTC-06:00,1,1.3,,,,-114.3834972,43.33865517,1462.44,47.829,Global CS
34,,,,,-114.38378692,43.33888161,1467.215,,,,,1.886,m,FIX,2022-06-03 10:39:53.4 UTC-06:00,2022-06-03 10:39:53.4 UTC-06:00,1,1.3,,,,-114.3834972,43.33865517,1462.44,33.449,Global CS
35,,,,,-114.38378785,43.33888726,1467.217,,,,,1.886,m,FIX,2022-06-03 10:40:00.8 UTC-06:00,2022-06-03 10:40:00.8 UTC-06:00,1,1.3,,,,-114.3834972,43.33865517,1462.44,33.945,Global CS
36,,,,,-114.38379601,43.33888653,1467.261,,,,,1.886,m,FIX,2022-06-03 10:40:08.2 UTC-06:00,2022-06-03 10:40:08.2 UTC-06:00,1,1.3,,,,-114.3834972,43.33865517,1462.44,34.359,Global CS
37,,,,,-114.38379363,43.33887989,1467.247,,,,,1.886,m,FIX,2022-06-03 10:40:15.0 UTC-06:00,2022-06-03 10:40:15.0 UTC-06:00,1,1.3,,,,-114.3834972,43.33865517,1462.44,33.708,Global CS
38,,,,,-114.38403001,43.33903051,1468.848,,,,,1.886,m,FIX,2022-06-03 10:41:17.6 UTC-06:00,2022-06-03 10:41:17.6 UTC-06:00,1,1.3,,,,-114.3834972,43.33865517,1462.44,59.191,Global CS
39,,,,,-114.38403721,43.33903373,1468.889,,,,,1.886,m,FIX,2022-06-03 10:41:25.8 UTC-06:00,2022-06-03 10:41:25.8 UTC-06:00,1,1.3,,,,-114.3834972,43.33865517,1462.44,59.865,Global CS
40,,,,,-114.38404150,43.33902861,1468.892,,,,,1.886,m,FIX,2022-06-03 10:41:33.0 UTC-06:00,2022-06-03 10:41:33.0 UTC-06:00,1,1.3,,,,-114.3834972,43.33865517,1462.44,59.746,Global CS
41,,,,,-114.38403401,43.33902496,1468.843,,,,,1.886,m,FIX,2022-06-03 10:41:40.8 UTC-06:00,2022-06-03 10:41:40.8 UTC-06:00,1,1.3,,,,-114.3834972,43.33865517,1462.44,59.02,Global CS
42,,,,,-114.38398260,43.33906712,1468.569,,,,,1.886,m,FIX,2022-06-03 10:41:59.4 UTC-06:00,2022-06-03 10:41:59.4 UTC-06:00,1,1.3,,,,-114.3834972,43.33865517,1462.44,59.357,Global CS
43,,,,,-114.38397603,43.33906614,1468.493,,,,,1.886,m,FIX,2022-06-03 10:42:07.2 UTC-06:00,2022-06-03 10:42:07.2 UTC-06:00,1,1.3,,,,-114.3834972,43.33865517,1462.44,58.918,Global CS
44,,,,,-114.38397486,43.33907032,1468.498,,,,,1.886,m,FIX,2022-06-03 10:42:16.0 UTC-06:00,2022-06-03 10:42:16.0 UTC-06:00,1,1.3,,,,-114.3834972,43.33865517,1462.44,59.204,Global CS
45,,,,,-114.38398127,43.33907202,1468.552,,,,,1.886,m,FIX,2022-06-03 10:42:24.4 UTC-06:00,2022-06-03 10:42:24.4 UTC-06:00,1,1.3,,,,-114.3834972,43.33865517,1462.44,59.688,Global CS
46,,,,,-114.38406589,43.33898661,1468.863,,,,,1.886,m,FIX,2022-06-03 10:43:15.2 UTC-06:00,2022-06-03 10:43:15.2 UTC-06:00,1,1.3,,,,-114.3834972,43.33865517,1462.44,58.311,Global CS
47,,,,,-114.38405435,43.33900033,1468.851,,,,,1.886,m,FIX,2022-06-03 10:43:25.0 UTC-06:00,2022-06-03 10:43:25.0 UTC-06:00,1,1.4,,,,-114.3834972,43.33865517,1462.44,58.508,Global CS
48,,,,,-114.38404409,43.33899392,1468.733,,,,,1.886,m,FIX,2022-06-03 10:43:38.6 UTC-06:00,2022-06-03 10:43:38.6 UTC-06:00,1,1.4,,,,-114.3834972,43.33865517,1462.44,57.407,Global CS
49,,,,,-114.38405352,43.33898141,1468.751,,,,,1.886,m,FIX,2022-06-03 10:43:48.4 UTC-06:00,2022-06-03 10:43:48.4 UTC-06:00,1,1.4,,,,-114.3834972,43.33865517,1462.44,57.157,Global CS
50,,,,,-114.38406846,43.33899587,1468.911,,,,,1.886,m,FIX,2022-06-03 10:44:07.2 UTC-06:00,2022-06-03 10:44:07.2 UTC-06:00,1,1.4,,,,-114.3834972,43.33865517,1462.44,59.103,Global CS
51,,,,,-114.38406467,43.33899987,1468.928,,,,,1.886,m,FIX,2022-06-03 10:44:16.2 UTC-06:00,2022-06-03 10:44:16.2 UTC-06:00,1,1.4,,,,-114.3834972,43.33865517,1462.44,59.131,Global CS
52,,,,,-114.38405914,43.33899603,1468.850,,,,,1.886,m,FIX,2022-06-03 10:44:23.4 UTC-06:00,2022-06-03 10:44:23.4 UTC-06:00,1,1.4,,,,-114.3834972,43.33865517,1462.44,58.516,Global CS
53,,,,,-114.38406408,43.33899254,1468.878,,,,,1.886,m,FIX,2022-06-03 10:44:32.6 UTC-06:00,2022-06-03 10:44:32.6 UTC-06:00,1,1.4,,,,-114.3834972,43.33865517,1462.44,58.592,Global CS
54,,,,,-114.38390842,43.33902767,1467.945,,,,,1.886,m,FIX,2022-06-03 10:47:05.4 UTC-06:00,2022-06-03 10:47:05.4 UTC-06:00,1,1.4,,,,-114.3834972,43.33865517,1462.44,52.073,Global CS
56,,,,,-114.38392482,43.33902782,1468.095,,,,,1.886,m,FIX,2022-06-03 10:47:23.6 UTC-06:00,2022-06-03 10:47:23.6 UTC-06:00,1,1.4,,,,-114.3834972,43.33865517,1462.44,52.964,Global CS
57,,,,,-114.38391631,43.33902128,1467.973,,,,,1.886,m,FIX,2022-06-03 10:47:31.0 UTC-06:00,2022-06-03 10:47:31.0 UTC-06:00,1,1.4,,,,-114.3834972,43.33865517,1462.44,51.961,Global CS
58,,,,,-114.38412029,43.33898400,1469.280,,,,,1.886,m,FIX,2022-06-03 10:48:06.8 UTC-06:00,2022-06-03 10:48:06.8 UTC-06:00,1,1.4,,,,-114.3834972,43.33865517,1462.44,61.743,Global CS
59,,,,,-114.38411957,43.33898862,1469.313,,,,,1.886,m,FIX,2022-06-03 10:48:13.8 UTC-06:00,2022-06-03 10:48:13.8 UTC-06:00,1,1.4,,,,-114.3834972,43.33865517,1462.44,61.99,Global CS
60,,,,,-114.38412486,43.33898886,1469.304,,,,,1.886,m,FIX,2022-06-03 10:48:22.2 UTC-06:00,2022-06-03 10:48:22.2 UTC-06:00,1,1.4,,,,-114.3834972,43.33865517,1462.44,62.357,Global CS
61,,,,,-114.38412498,43.33898382,1469.286,,,,,1.886,m,FIX,2022-06-03 10:48:30.2 UTC-06:00,2022-06-03 10:48:30.2 UTC-06:00,1,1.4,,,,-114.3834972,43.33865517,1462.44,62.045,Global CS
62,,,,,-114.38425138,43.33902846,1470.358,,,,,1.886,m,FIX,2022-06-03 10:49:15.8 UTC-06:00,2022-06-03 10:49:15.8 UTC-06:00,1,1.4,,,,-114.3834972,43.33865517,1462.44,73.376,Global CS
63,,,,,-114.38425704,43.33902961,1470.430,,,,,1.886,m,FIX,2022-06-03 10:49:24.4 UTC-06:00,2022-06-03 10:49:24.4 UTC-06:00,1,1.4,,,,-114.3834972,43.33865517,1462.44,73.837,Global CS
64,,,,,-114.38425995,43.33902468,1470.383,,,,,1.886,m,FIX,2022-06-03 10:49:33.0 UTC-06:00,2022-06-03 10:49:33.0 UTC-06:00,1,1.4,,,,-114.3834972,43.33865517,1462.44,73.739,Global CS
65,,,,,-114.38425419,43.33902315,1470.324,,,,,1.886,m,FIX,2022-06-03 10:49:39.6 UTC-06:00,2022-06-03 10:49:39.6 UTC-06:00,1,1.4,,,,-114.3834972,43.33865517,1462.44,73.252,Global CS
66,,,,,-114.38424305,43.33905389,1470.348,,,,,1.886,m,FIX,2022-06-03 10:50:02.0 UTC-06:00,2022-06-03 10:50:02.0 UTC-06:00,1,1.4,,,,-114.3834972,43.33865517,1462.44,74.392,Global CS
67,,,,,-114.38424561,43.33905556,1470.379,,,,,1.886,m,FIX,2022-06-03 10:50:07.2 UTC-06:00,2022-06-03 10:50:07.2 UTC-06:00,1,1.4,,,,-114.3834972,43.33865517,1462.44,74.669,Global CS
68,,,,,-114.38424216,43.33905825,1470.334,,,,,1.886,m,FIX,2022-06-03 10:50:12.2 UTC-06:00,2022-06-03 10:50:12.2 UTC-06:00,1,1.4,,,,-114.3834972,43.33865517,1462.44,74.61,Global CS
69,,,,,-114.38423994,43.33905629,1470.351,,,,,1.886,m,FIX,2022-06-03 10:50:18.4 UTC-06:00,2022-06-03 10:50:18.4 UTC-06:00,1,1.4,,,,-114.3834972,43.33865517,1462.44,74.34,Global CS
70,,,,,-114.38419676,43.33908948,1470.173,,,,,1.886,m,FIX,2022-06-03 10:50:42.2 UTC-06:00,2022-06-03 10:50:42.2 UTC-06:00,1,1.4,,,,-114.3834972,43.33865517,1462.44,73.768,Global CS
71,,,,,-114.38419895,43.33908311,1470.156,,,,,1.886,m,FIX,2022-06-03 10:50:49.6 UTC-06:00,2022-06-03 10:50:49.6 UTC-06:00,1,1.4,,,,-114.3834972,43.33865517,1462.44,73.461,Global CS
72,,,,,-114.38419154,43.33908243,1470.134,,,,,1.886,m,FIX,2022-06-03 10:50:57.8 UTC-06:00,2022-06-03 10:50:57.8 UTC-06:00,1,1.4,,,,-114.3834972,43.33865517,1462.44,72.947,Global CS
73,,,,,-114.38419033,43.33908898,1470.128,,,,,1.886,m,FIX,2022-06-03 10:51:06.6 UTC-06:00,2022-06-03 10:51:06.6 UTC-06:00,1,1.4,,,,-114.3834972,43.33865517,1462.44,73.328,Global CS
74,,,,,-114.38423583,43.33893487,1469.782,,,,,1.886,m,FIX,2022-06-03 10:51:44.8 UTC-06:00,2022-06-03 10:51:44.8 UTC-06:00,1,1.4,,,,-114.3834972,43.33865517,1462.44,67.142,Global CS
75,,,,,-114.38423228,43.33894272,1469.793,,,,,1.886,m,FIX,2022-06-03 10:51:53.0 UTC-06:00,2022-06-03 10:51:53.0 UTC-06:00,1,1.4,,,,-114.3834972,43.33865517,1462.44,67.271,Global CS
76,,,,,-114.38422552,43.33894155,1469.746,,,,,1.886,m,FIX,2022-06-03 10:52:02.4 UTC-06:00,2022-06-03 10:52:02.4 UTC-06:00,1,1.4,,,,-114.3834972,43.33865517,1462.44,66.72,Global CS
77,,,,,-114.38422542,43.33893417,1469.747,,,,,1.886,m,FIX,2022-06-03 10:52:10.6 UTC-06:00,2022-06-03 10:52:10.6 UTC-06:00,1,1.4,,,,-114.3834972,43.33865517,1462.44,66.347,Global CS
78,,,,,-114.38440558,43.33931210,1470.805,,,,,1.886,m,FIX,2022-06-03 10:53:40.0 UTC-06:00,2022-06-03 10:53:40.0 UTC-06:00,1,1.4,,,,-114.3834972,43.33865517,1462.44,102.865,Global CS
79,,,,,-114.38441523,43.33929962,1470.741,,,,,1.886,m,FIX,2022-06-03 10:53:49.6 UTC-06:00,2022-06-03 10:53:49.6 UTC-06:00,1,1.4,,,,-114.3834972,43.33865517,1462.44,102.477,Global CS
80,,,,,-114.38443148,43.33930589,1470.835,,,,,1.886,m,FIX,2022-06-03 10:53:57.4 UTC-06:00,2022-06-03 10:53:57.4 UTC-06:00,1,1.4,,,,-114.3834972,43.33865517,1462.44,103.922,Global CS
81,,,,,-114.38441913,43.33931942,1470.853,,,,,1.886,m,FIX,2022-06-03 10:54:06.4 UTC-06:00,2022-06-03 10:54:06.4 UTC-06:00,1,1.4,,,,-114.3834972,43.33865517,1462.44,104.224,Global CS
82,,,,,-114.38434386,43.33964585,1471.516,,,,,1.886,m,FIX,2022-06-03 10:55:03.0 UTC-06:00,2022-06-03 10:55:03.0 UTC-06:00,1,1.4,,,,-114.3834972,43.33865517,1462.44,128.578,Global CS
83,,,,,-114.38433848,43.33965632,1471.548,,,,,1.886,m,FIX,2022-06-03 10:55:11.4 UTC-06:00,2022-06-03 10:55:11.4 UTC-06:00,1,1.4,,,,-114.3834972,43.33865517,1462.44,129.329,Global CS
84,,,,,-114.38434947,43.33966090,1471.615,,,,,1.886,m,FIX,2022-06-03 10:55:19.6 UTC-06:00,2022-06-03 10:55:19.6 UTC-06:00,1,1.4,,,,-114.3834972,43.33865517,1462.44,130.24,Global CS
85,,,,,-114.38435883,43.33965061,1471.616,,,,,1.886,m,FIX,2022-06-03 10:55:28.2 UTC-06:00,2022-06-03 10:55:28.2 UTC-06:00,1,1.4,,,,-114.3834972,43.33865517,1462.44,129.681,Global CS
86,,,,,-114.38444265,43.33980251,1473.243,,,,,1.886,m,FIX,2022-06-03 10:56:04.8 UTC-06:00,2022-06-03 10:56:04.8 UTC-06:00,1,1.4,,,,-114.3834972,43.33865517,1462.44,147.649,Global CS
87,,,,,-114.38444540,43.33980304,1473.253,,,,,1.886,m,FIX,2022-06-03 10:56:18.6 UTC-06:00,2022-06-03 10:56:18.6 UTC-06:00,1,1.4,,,,-114.3834972,43.33865517,1462.44,147.817,Global CS
88,,,,,-114.38445511,43.33980636,1473.331,,,,,1.886,m,FIX,2022-06-03 10:56:27.0 UTC-06:00,2022-06-03 10:56:27.0 UTC-06:00,1,1.4,,,,-114.3834972,43.33865517,1462.44,148.546,Global CS
89,,,,,-114.38445098,43.33981454,1473.397,,,,,1.886,m,FIX,2022-06-03 10:56:36.8 UTC-06:00,2022-06-03 10:56:36.8 UTC-06:00,1,1.4,,,,-114.3834972,43.33865517,1462.44,149.148,Global CS
90,,,,,-114.38444068,43.33981051,1473.308,,,,,1.886,m,FIX,2022-06-03 10:56:48.0 UTC-06:00,2022-06-03 10:56:48.0 UTC-06:00,1,1.4,,,,-114.3834972,43.33865517,1462.44,148.327,Global CS
91,,,,,-114.38446563,43.33993413,1474.577,,,,,1.886,m,FIX,2022-06-03 10:57:22.2 UTC-06:00,2022-06-03 10:57:22.2 UTC-06:00,1,1.4,,,,-114.3834972,43.33865517,1462.44,161.259,Global CS
92,,,,,-114.38447671,43.33994159,1474.716,,,,,1.886,m,FIX,2022-06-03 10:57:38.6 UTC-06:00,2022-06-03 10:57:38.6 UTC-06:00,1,1.4,,,,-114.3834972,43.33865517,1462.44,162.432,Global CS
93,,,,,-114.38446617,43.33995184,1474.740,,,,,1.886,m,FIX,2022-06-03 10:57:50.2 UTC-06:00,2022-06-03 10:57:50.2 UTC-06:00,1,1.5,,,,-114.3834972,43.33865517,1462.44,163.006,Global CS
94,,,,,-114.38445141,43.33994569,1474.543,,,,,1.886,m,FIX,2022-06-03 10:58:00.0 UTC-06:00,2022-06-03 10:58:00.0 UTC-06:00,1,1.4,,,,-114.3834972,43.33865517,1462.44,161.818,Global CS
95,,,,,-114.38425648,43.34009462,1475.025,,,,,1.886,m,FIX,2022-06-03 11:00:00.6 UTC-06:00,2022-06-03 11:00:00.6 UTC-06:00,1,1.4,,,,-114.3834972,43.33865517,1462.44,170.137,Global CS
96,,,,,-114.38424842,43.34008934,1474.947,,,,,1.886,m,FIX,2022-06-03 11:00:07.4 UTC-06:00,2022-06-03 11:00:07.4 UTC-06:00,1,1.6,,,,-114.3834972,43.33865517,1462.44,169.351,Global CS
97,,,,,-114.38424174,43.34009377,1474.948,,,,,1.886,m,FIX,2022-06-03 11:00:14.6 UTC-06:00,2022-06-03 11:00:14.6 UTC-06:00,1,1.4,,,,-114.3834972,43.33865517,1462.44,169.613,Global CS
98,,,,,-114.38424885,43.34010020,1475.006,,,,,1.886,m,FIX,2022-06-03 11:00:23.0 UTC-06:00,2022-06-03 11:00:23.0 UTC-06:00,1,1.4,,,,-114.3834972,43.33865517,1462.44,170.49,Global CS
99,,,,,-114.38412629,43.34001762,1473.483,,,,,1.886,m,FIX,2022-06-03 11:01:01.6 UTC-06:00,2022-06-03 11:01:01.6 UTC-06:00,1,1.4,,,,-114.3834972,43.33865517,1462.44,158.401,Global CS
100,,,,,-114.38412405,43.34000652,1473.384,,,,,1.886,m,FIX,2022-06-03 11:01:11.4 UTC-06:00,2022-06-03 11:01:11.4 UTC-06:00,1,1.4,,,,-114.3834972,43.33865517,1462.44,157.169,Global CS
101,,,,,-114.38410636,43.34000893,1473.271,,,,,1.886,m,FIX,2022-06-03 11:01:23.4 UTC-06:00,2022-06-03 11:01:23.4 UTC-06:00,1,1.4,,,,-114.3834972,43.33865517,1462.44,156.956,Global CS
102,,,,,-114.38411100,43.34001963,1473.365,,,,,1.886,m,FIX,2022-06-03 11:01:34.2 UTC-06:00,2022-06-03 11:01:34.2 UTC-06:00,1,1.4,,,,-114.3834972,43.33865517,1462.44,158.208,Global CS
103,,,,,-114.38399334,43.34009049,1472.709,,,,,1.886,m,FIX,2022-06-03 11:02:15.6 UTC-06:00,2022-06-03 11:02:15.6 UTC-06:00,1,1.4,,,,-114.3834972,43.33865517,1462.44,163.021,Global CS
104,,,,,-114.38400270,43.34009790,1472.801,,,,,1.886,m,FIX,2022-06-03 11:02:25.8 UTC-06:00,2022-06-03 11:02:25.8 UTC-06:00,1,1.4,,,,-114.3834972,43.33865517,1462.44,164.011,Global CS
105,,,,,-114.38401089,43.34009325,1472.983,,,,,1.886,m,FIX,2022-06-03 11:02:34.4 UTC-06:00,2022-06-03 11:02:34.4 UTC-06:00,1,1.4,,,,-114.3834972,43.33865517,1462.44,163.69,Global CS
106,,,,,-114.38400114,43.34008447,1472.787,,,,,1.886,m,FIX,2022-06-03 11:02:43.0 UTC-06:00,2022-06-03 11:02:43.0 UTC-06:00,1,1.4,,,,-114.3834972,43.33865517,1462.44,162.537,Global CS
107,,,,,-114.38385172,43.34010256,1471.080,,,,,1.886,m,FIX,2022-06-03 11:03:49.2 UTC-06:00,2022-06-03 11:03:49.2 UTC-06:00,1,1.4,,,,-114.3834972,43.33865517,1462.44,161.808,Global CS
108,,,,,-114.38383667,43.34010245,1470.948,,,,,1.886,m,FIX,2022-06-03 11:04:06.6 UTC-06:00,2022-06-03 11:04:06.6 UTC-06:00,1,1.5,,,,-114.3834972,43.33865517,1462.44,161.569,Global CS
109,,,,,-114.38383408,43.34011286,1470.936,,,,,1.886,m,FIX,2022-06-03 11:04:17.0 UTC-06:00,2022-06-03 11:04:17.0 UTC-06:00,1,1.5,,,,-114.3834972,43.33865517,1462.44,162.672,Global CS
110,,,,,-114.38384681,43.34011482,1471.029,,,,,1.886,m,FIX,2022-06-03 11:04:25.8 UTC-06:00,2022-06-03 11:04:25.8 UTC-06:00,1,1.5,,,,-114.3834972,43.33865517,1462.44,163.072,Global CS
111,,,,,-114.38372018,43.34011962,1469.611,,,,,1.886,m,FIX,2022-06-03 11:06:12.8 UTC-06:00,2022-06-03 11:06:12.8 UTC-06:00,1,1.7,,,,-114.3834972,43.33865517,1462.44,162.07,Global CS
112,,,,,-114.38371189,43.34011540,1469.540,,,,,1.886,m,FIX,2022-06-03 11:06:22.0 UTC-06:00,2022-06-03 11:06:22.0 UTC-06:00,1,1.7,,,,-114.3834972,43.33865517,1462.44,161.529,Global CS
113,,,,,-114.38372540,43.34011460,1469.712,,,,,1.886,m,FIX,2022-06-03 11:06:29.6 UTC-06:00,2022-06-03 11:06:29.6 UTC-06:00,1,1.7,,,,-114.3834972,43.33865517,1462.44,161.57,Global CS
114,,,,,-114.38371933,43.34010987,1469.597,,,,,1.886,m,FIX,2022-06-03 11:06:40.8 UTC-06:00,2022-06-03 11:06:40.8 UTC-06:00,1,1.7,,,,-114.3834972,43.33865517,1462.44,160.986,Global CS
115,,,,,-114.38358848,43.34032232,1468.181,,,,,1.886,m,FIX,2022-06-03 11:07:29.2 UTC-06:00,2022-06-03 11:07:29.2 UTC-06:00,1,1.7,,,,-114.3834972,43.33865517,1462.44,183.677,Global CS
116,,,,,-114.38359551,43.34032346,1468.244,,,,,1.886,m,FIX,2022-06-03 11:07:38.8 UTC-06:00,2022-06-03 11:07:38.8 UTC-06:00,1,1.7,,,,-114.3834972,43.33865517,1462.44,183.829,Global CS
117,,,,,-114.38359555,43.34032881,1468.278,,,,,1.886,m,FIX,2022-06-03 11:07:46.2 UTC-06:00,2022-06-03 11:07:46.2 UTC-06:00,1,1.7,,,,-114.3834972,43.33865517,1462.44,184.424,Global CS
118,,,,,-114.38358774,43.34032743,1468.178,,,,,1.886,m,FIX,2022-06-03 11:07:53.8 UTC-06:00,2022-06-03 11:07:53.8 UTC-06:00,1,2.3,,,,-114.3834972,43.33865517,1462.44,184.243,Global CS
119,,,,,-114.38368261,43.34031195,1469.116,,,,,1.886,m,FIX,2022-06-03 11:08:20.4 UTC-06:00,2022-06-03 11:08:20.4 UTC-06:00,1,2.3,,,,-114.3834972,43.33865517,1462.44,183.025,Global CS
120,,,,,-114.38368922,43.34031238,1469.200,,,,,1.886,m,FIX,2022-06-03 11:08:28.0 UTC-06:00,2022-06-03 11:08:28.0 UTC-06:00,1,2.3,,,,-114.3834972,43.33865517,1462.44,183.119,Global CS
121,,,,,-114.38369046,43.34030591,1469.173,,,,,1.886,m,FIX,2022-06-03 11:08:36.2 UTC-06:00,2022-06-03 11:08:36.2 UTC-06:00,1,2.3,,,,-114.3834972,43.33865517,1462.44,182.413,Global CS
122,,,,,-114.38368292,43.34030517,1469.098,,,,,1.886,m,FIX,2022-06-03 11:08:43.4 UTC-06:00,2022-06-03 11:08:43.4 UTC-06:00,1,2.3,,,,-114.3834972,43.33865517,1462.44,182.274,Global CS
123,,,,,-114.38382867,43.34037711,1471.366,,,,,1.886,m,FIX,2022-06-03 11:09:17.0 UTC-06:00,2022-06-03 11:09:17.0 UTC-06:00,1,1.9,,,,-114.3834972,43.33865517,1462.44,191.614,Global CS
124,,,,,-114.38384376,43.34037884,1471.526,,,,,1.886,m,FIX,2022-06-03 11:09:26.4 UTC-06:00,2022-06-03 11:09:26.4 UTC-06:00,1,2.3,,,,-114.3834972,43.33865517,1462.44,191.987,Global CS
125,,,,,-114.38384084,43.34038915,1471.554,,,,,1.886,m,FIX,2022-06-03 11:09:35.2 UTC-06:00,2022-06-03 11:09:35.2 UTC-06:00,1,1.9,,,,-114.3834972,43.33865517,1462.44,193.084,Global CS
126,,,,,-114.38382502,43.34038773,1471.381,,,,,1.886,m,FIX,2022-06-03 11:09:42.8 UTC-06:00,2022-06-03 11:09:42.8 UTC-06:00,1,1.9,,,,-114.3834972,43.33865517,1462.44,192.74,Global CS
127,,,,,-114.38389530,43.34040235,1472.349,,,,,1.886,m,FIX,2022-06-03 11:10:05.8 UTC-06:00,2022-06-03 11:10:05.8 UTC-06:00,1,1.9,,,,-114.3834972,43.33865517,1462.44,195.247,Global CS
128,,,,,-114.38389432,43.34040718,1472.370,,,,,1.886,m,FIX,2022-06-03 11:10:12.0 UTC-06:00,2022-06-03 11:10:12.0 UTC-06:00,1,2.3,,,,-114.3834972,43.33865517,1462.44,195.767,Global CS
129,,,,,-114.38389905,43.34040801,1472.446,,,,,1.886,m,FIX,2022-06-03 11:10:19.0 UTC-06:00,2022-06-03 11:10:19.0 UTC-06:00,1,1.9,,,,-114.3834972,43.33865517,1462.44,195.921,Global CS
130,,,,,-114.38390049,43.34040340,1472.424,,,,,1.886,m,FIX,2022-06-03 11:10:26.4 UTC-06:00,2022-06-03 11:10:26.4 UTC-06:00,1,1.9,,,,-114.3834972,43.33865517,1462.44,195.441,Global CS
131,,,,,-114.38383456,43.34048182,1471.961,,,,,1.886,m,FIX,2022-06-03 11:11:04.2 UTC-06:00,2022-06-03 11:11:04.2 UTC-06:00,1,2.3,,,,-114.3834972,43.33865517,1462.44,203.214,Global CS
132,,,,,-114.38383429,43.34048712,1471.914,,,,,1.886,m,FIX,2022-06-03 11:11:11.2 UTC-06:00,2022-06-03 11:11:11.2 UTC-06:00,1,1.9,,,,-114.3834972,43.33865517,1462.44,203.793,Global CS
133,,,,,-114.38382693,43.34048707,1471.816,,,,,1.886,m,FIX,2022-06-03 11:11:17.6 UTC-06:00,2022-06-03 11:11:17.6 UTC-06:00,1,2.3,,,,-114.3834972,43.33865517,1462.44,203.712,Global CS
134,,,,,-114.38382764,43.34048158,1471.849,,,,,1.886,m,FIX,2022-06-03 11:11:25.6 UTC-06:00,2022-06-03 11:11:25.6 UTC-06:00,1,2.3,,,,-114.3834972,43.33865517,1462.44,203.111,Global CS
135,,,,,-114.38387782,43.34046278,1472.452,,,,,1.886,m,FIX,2022-06-03 11:11:50.8 UTC-06:00,2022-06-03 11:11:50.8 UTC-06:00,1,2.3,,,,-114.3834972,43.33865517,1462.44,201.651,Global CS
136,,,,,-114.38388149,43.34045414,1472.436,,,,,1.886,m,FIX,2022-06-03 11:11:59.4 UTC-06:00,2022-06-03 11:11:59.4 UTC-06:00,1,2.3,,,,-114.3834972,43.33865517,1462.44,200.748,Global CS
137,,,,,-114.38386956,43.34045121,1472.280,,,,,1.886,m,FIX,2022-06-03 11:12:09.4 UTC-06:00,2022-06-03 11:12:09.4 UTC-06:00,1,2.3,,,,-114.3834972,43.33865517,1462.44,200.274,Global CS
138,,,,,-114.38386628,43.34046138,1472.278,,,,,1.886,m,FIX,2022-06-03 11:12:17.4 UTC-06:00,2022-06-03 11:12:17.4 UTC-06:00,1,2.3,,,,-114.3834972,43.33865517,1462.44,201.347,Global CS
139,,,,,-114.38388784,43.34046589,1472.615,,,,,1.886,m,FIX,2022-06-03 11:12:42.8 UTC-06:00,2022-06-03 11:12:42.8 UTC-06:00,1,1.9,,,,-114.3834972,43.33865517,1462.44,202.121,Global CS
140,,,,,-114.38388736,43.34047252,1472.635,,,,,1.886,m,FIX,2022-06-03 11:12:51.0 UTC-06:00,2022-06-03 11:12:51.0 UTC-06:00,1,1.9,,,,-114.3834972,43.33865517,1462.44,202.845,Global CS
141,,,,,-114.38387802,43.34047178,1472.493,,,,,1.886,m,FIX,2022-06-03 11:12:59.8 UTC-06:00,2022-06-03 11:12:59.8 UTC-06:00,1,1.9,,,,-114.3834972,43.33865517,1462.44,202.639,Global CS
142,,,,,-114.38388070,43.34046549,1472.509,,,,,1.886,m,FIX,2022-06-03 11:13:10.6 UTC-06:00,2022-06-03 11:13:10.6 UTC-06:00,1,2.4,,,,-114.3834972,43.33865517,1462.44,201.984,Global CS
143,,,,,-114.38390715,43.34055754,1472.740,,,,,1.886,m,FIX,2022-06-03 11:13:43.6 UTC-06:00,2022-06-03 11:13:43.6 UTC-06:00,1,1.9,,,,-114.3834972,43.33865517,1462.44,212.425,Global CS
144,,,,,-114.38390708,43.34057456,1472.596,,,,,1.886,m,FIX,2022-06-03 11:13:52.6 UTC-06:00,2022-06-03 11:13:52.6 UTC-06:00,1,1.9,,,,-114.3834972,43.33865517,1462.44,214.284,Global CS
145,,,,,-114.38393090,43.34057441,1472.938,,,,,1.886,m,FIX,2022-06-03 11:14:03.0 UTC-06:00,2022-06-03 11:14:03.0 UTC-06:00,1,1.9,,,,-114.3834972,43.33865517,1462.44,214.597,Global CS
146,,,,,-114.38392607,43.34055760,1472.991,,,,,1.886,m,FIX,2022-06-03 11:14:13.6 UTC-06:00,2022-06-03 11:14:13.6 UTC-06:00,1,2.4,,,,-114.3834972,43.33865517,1462.44,212.691,Global CS
147,,,,,-114.38394182,43.34060472,1472.855,,,,,1.886,m,FIX,2022-06-03 11:15:33.0 UTC-06:00,2022-06-03 11:15:33.0 UTC-06:00,1,2.4,,,,-114.3834972,43.33865517,1462.44,218.057,Global CS
148,,,,,-114.38395114,43.34060193,1473.014,,,,,1.886,m,FIX,2022-06-03 11:15:42.4 UTC-06:00,2022-06-03 11:15:42.4 UTC-06:00,1,2.4,,,,-114.3834972,43.33865517,1462.44,217.888,Global CS
149,,,,,-114.38394784,43.34059636,1472.991,,,,,1.886,m,FIX,2022-06-03 11:15:50.0 UTC-06:00,2022-06-03 11:15:50.0 UTC-06:00,1,2.4,,,,-114.3834972,43.33865517,1462.44,217.228,Global CS
150,,,,,-114.38393764,43.34060031,1472.853,,,,,1.886,m,FIX,2022-06-03 11:15:59.4 UTC-06:00,2022-06-03 11:15:59.4 UTC-06:00,1,2.4,,,,-114.3834972,43.33865517,1462.44,217.518,Global CS
151,,,,,-114.38406271,43.34055325,1474.594,,,,,1.886,m,FIX,2022-06-03 11:17:00.0 UTC-06:00,2022-06-03 11:17:00.0 UTC-06:00,1,2.4,,,,-114.3834972,43.33865517,1462.44,214.385,Global CS
152,,,,,-114.38406758,43.34056176,1474.559,,,,,1.886,m,FIX,2022-06-03 11:17:08.0 UTC-06:00,2022-06-03 11:17:08.0 UTC-06:00,1,2.4,,,,-114.3834972,43.33865517,1462.44,215.393,Global CS
153,,,,,-114.38408398,43.34055822,1474.767,,,,,1.886,m,FIX,2022-06-03 11:17:25.0 UTC-06:00,2022-06-03 11:17:25.0 UTC-06:00,1,2.4,,,,-114.3834972,43.33865517,1462.44,215.31,Global CS
154,,,,,-114.38408129,43.34054848,1474.784,,,,,1.886,m,FIX,2022-06-03 11:17:33.4 UTC-06:00,2022-06-03 11:17:33.4 UTC-06:00,1,1.9,,,,-114.3834972,43.33865517,1462.44,214.208,Global CS
155,,,,,-114.38410549,43.34068271,1473.928,,,,,1.886,m,FIX,2022-06-03 11:18:29.2 UTC-06:00,2022-06-03 11:18:29.2 UTC-06:00,1,2.4,,,,-114.3834972,43.33865517,1462.44,229.146,Global CS
156,,,,,-114.38411568,43.34068195,1474.071,,,,,1.886,m,FIX,2022-06-03 11:18:36.8 UTC-06:00,2022-06-03 11:18:36.8 UTC-06:00,1,2.4,,,,-114.3834972,43.33865517,1462.44,229.249,Global CS
157,,,,,-114.38411755,43.34068832,1474.036,,,,,1.886,m,FIX,2022-06-03 11:18:43.4 UTC-06:00,2022-06-03 11:18:43.4 UTC-06:00,1,2.4,,,,-114.3834972,43.33865517,1462.44,229.974,Global CS
158,,,,,-114.38410790,43.34069145,1473.840,,,,,1.886,m,FIX,2022-06-03 11:18:50.2 UTC-06:00,2022-06-03 11:18:50.2 UTC-06:00,1,2.4,,,,-114.3834972,43.33865517,1462.44,230.135,Global CS
159,,,,,-114.38404016,43.34043113,1474.158,,,,,1.886,m,FIX,2022-06-03 11:20:01.6 UTC-06:00,2022-06-03 11:20:01.6 UTC-06:00,1,2.4,,,,-114.3834972,43.33865517,1462.44,200.736,Global CS
160,,,,,-114.38404817,43.34042992,1474.083,,,,,1.886,m,FIX,2022-06-03 11:20:08.6 UTC-06:00,2022-06-03 11:20:08.6 UTC-06:00,1,2.4,,,,-114.3834972,43.33865517,1462.44,200.749,Global CS
161,,,,,-114.38404723,43.34042219,1473.935,,,,,1.886,m,FIX,2022-06-03 11:20:16.8 UTC-06:00,2022-06-03 11:20:16.8 UTC-06:00,1,2.4,,,,-114.3834972,43.33865517,1462.44,199.893,Global CS
162,,,,,-114.38403940,43.34042232,1473.883,,,,,1.886,m,FIX,2022-06-03 11:20:23.4 UTC-06:00,2022-06-03 11:20:23.4 UTC-06:00,1,2.4,,,,-114.3834972,43.33865517,1462.44,199.76,Global CS
163,,,,,-114.38394466,43.34042725,1473.068,,,,,1.886,m,FIX,2022-06-03 11:20:50.8 UTC-06:00,2022-06-03 11:20:50.8 UTC-06:00,1,2.4,,,,-114.3834972,43.33865517,1462.44,198.702,Global CS
164,,,,,-114.38394765,43.34041301,1472.992,,,,,1.886,m,FIX,2022-06-03 11:21:00.0 UTC-06:00,2022-06-03 11:21:00.0 UTC-06:00,1,2.4,,,,-114.3834972,43.33865517,1462.44,197.192,Global CS
165,,,,,-114.38396674,43.34041503,1473.220,,,,,1.886,m,FIX,2022-06-03 11:21:10.6 UTC-06:00,2022-06-03 11:21:10.6 UTC-06:00,1,1.9,,,,-114.3834972,43.33865517,1462.44,197.711,Global CS
166,,,,,-114.38396636,43.34043023,1473.285,,,,,1.886,m,FIX,2022-06-03 11:21:19.0 UTC-06:00,2022-06-03 11:21:19.0 UTC-06:00,1,1.9,,,,-114.3834972,43.33865517,1462.44,199.373,Global CS
167,,,,,-114.38420064,43.34017484,1474.742,,,,,1.886,m,FIX,2022-06-03 11:23:09.4 UTC-06:00,2022-06-03 11:23:09.4 UTC-06:00,1,2.4,,,,-114.3834972,43.33865517,1462.44,176.921,Global CS
168,,,,,-114.38421245,43.34017237,1474.500,,,,,1.886,m,FLOAT,2022-06-03 11:23:16.2 UTC-06:00,2022-06-03 11:23:16.2 UTC-06:00,1,2.4,,,,-114.3834972,43.33865517,1462.44,177.046,Global CS
169,,,,,-114.38421174,43.34016634,1474.494,,,,,1.886,m,FLOAT,2022-06-03 11:23:23.0 UTC-06:00,2022-06-03 11:23:23.0 UTC-06:00,1,2.4,,,,-114.3834972,43.33865517,1462.44,176.404,Global CS
170,,,,,-114.38420092,43.34016827,1474.716,,,,,1.886,m,FIX,2022-06-03 11:23:31.2 UTC-06:00,2022-06-03 11:23:31.2 UTC-06:00,1,2.4,,,,-114.3834972,43.33865517,1462.44,176.237,Global CS
171,,,,,-114.38436738,43.33956673,1471.450,,,,,1.886,m,FIX,2022-06-03 11:26:35.4 UTC-06:00,2022-06-03 11:26:35.4 UTC-06:00,1,2.5,,,,-114.3834972,43.33865517,1462.44,122.36,Global CS
172,,,,,-114.38436970,43.33957169,1471.482,,,,,1.886,m,FIX,2022-06-03 11:26:42.0 UTC-06:00,2022-06-03 11:26:42.0 UTC-06:00,1,2.5,,,,-114.3834972,43.33865517,1462.44,122.915,Global CS
173,,,,,-114.38437468,43.33957074,1471.502,,,,,1.886,m,FIX,2022-06-03 11:26:48.2 UTC-06:00,2022-06-03 11:26:48.2 UTC-06:00,1,2.5,,,,-114.3834972,43.33865517,1462.44,123.068,Global CS
174,,,,,-114.38437261,43.33956521,1471.493,,,,,1.886,m,FIX,2022-06-03 11:26:53.8 UTC-06:00,2022-06-03 11:26:53.8 UTC-06:00,1,2.5,,,,-114.3834972,43.33865517,1462.44,122.471,Global CS
175,,,,,-114.38425857,43.33944941,1470.660,,,,,1.886,m,FIX,2022-06-03 11:27:50.8 UTC-06:00,2022-06-03 11:27:50.8 UTC-06:00,1,2.5,,,,-114.3834972,43.33865517,1462.44,106.601,Global CS
176,,,,,-114.38426486,43.33944985,1470.667,,,,,1.886,m,FIX,2022-06-03 11:27:56.4 UTC-06:00,2022-06-03 11:27:56.4 UTC-06:00,1,2.5,,,,-114.3834972,43.33865517,1462.44,106.936,Global CS
177,,,,,-114.38426343,43.33945426,1470.631,,,,,1.886,m,FIX,2022-06-03 11:28:01.4 UTC-06:00,2022-06-03 11:28:01.4 UTC-06:00,1,2.5,,,,-114.3834972,43.33865517,1462.44,107.264,Global CS
178,,,,,-114.38425829,43.33945317,1470.609,,,,,1.886,m,FIX,2022-06-03 11:28:07.4 UTC-06:00,2022-06-03 11:28:07.4 UTC-06:00,1,2.5,,,,-114.3834972,43.33865517,1462.44,106.922,Global CS
179,,,,,-114.38428705,43.33873694,1469.127,,,,,1.886,m,FIX,2022-06-03 11:30:29.4 UTC-06:00,2022-06-03 11:30:29.4 UTC-06:00,1,2.5,,,,-114.3834972,43.33865517,1462.44,64.928,Global CS
180,,,,,-114.38429096,43.33874903,1469.245,,,,,1.886,m,FIX,2022-06-03 11:30:37.2 UTC-06:00,2022-06-03 11:30:37.2 UTC-06:00,1,2.5,,,,-114.3834972,43.33865517,1462.44,65.412,Global CS
181,,,,,-114.38427475,43.33875351,1469.184,,,,,1.886,m,FIX,2022-06-03 11:30:44.6 UTC-06:00,2022-06-03 11:30:44.6 UTC-06:00,1,2.5,,,,-114.3834972,43.33865517,1462.44,64.174,Global CS
182,,,,,-114.38427055,43.33874014,1469.072,,,,,1.886,m,FIX,2022-06-03 11:30:53.2 UTC-06:00,2022-06-03 11:30:53.2 UTC-06:00,1,2.5,,,,-114.3834972,43.33865517,1462.44,63.635,Global CS
183,,,,,-114.38421748,43.33869662,1468.546,,,,,1.886,m,FIX,2022-06-03 11:31:45.2 UTC-06:00,2022-06-03 11:31:45.2 UTC-06:00,1,2.5,,,,-114.3834972,43.33865517,1462.44,58.915,Global CS
184,,,,,-114.38421697,43.33869195,1468.520,,,,,1.886,m,FIX,2022-06-03 11:31:50.8 UTC-06:00,2022-06-03 11:31:50.8 UTC-06:00,1,2.5,,,,-114.3834972,43.33865517,1462.44,58.849,Global CS
185,,,,,-114.38422401,43.33869140,1468.577,,,,,1.886,m,FIX,2022-06-03 11:31:57.4 UTC-06:00,2022-06-03 11:31:57.4 UTC-06:00,1,2.5,,,,-114.3834972,43.33865517,1462.44,59.42,Global CS
186,,,,,-114.38422376,43.33869701,1468.560,,,,,1.886,m,FIX,2022-06-03 11:32:05.2 UTC-06:00,2022-06-03 11:32:05.2 UTC-06:00,1,2.5,,,,-114.3834972,43.33865517,1462.44,59.427,Global CS
187,,,,,-114.38438148,43.33870857,1469.653,,,,,1.886,m,FIX,2022-06-03 11:32:39.4 UTC-06:00,2022-06-03 11:32:39.4 UTC-06:00,1,2.5,,,,-114.3834972,43.33865517,1462.44,72.309,Global CS
188,,,,,-114.38438296,43.33871367,1469.724,,,,,1.886,m,FIX,2022-06-03 11:32:47.4 UTC-06:00,2022-06-03 11:32:47.4 UTC-06:00,1,2.5,,,,-114.3834972,43.33865517,1462.44,72.463,Global CS
189,,,,,-114.38437901,43.33871389,1469.649,,,,,1.886,m,FIX,2022-06-03 11:32:53.4 UTC-06:00,2022-06-03 11:32:53.4 UTC-06:00,1,2.5,,,,-114.3834972,43.33865517,1462.44,72.142,Global CS
190,,,,,-114.38437713,43.33870952,1469.617,,,,,1.886,m,FIX,2022-06-03 11:32:58.2 UTC-06:00,2022-06-03 11:32:58.2 UTC-06:00,1,2.5,,,,-114.3834972,43.33865517,1462.44,71.958,Global CS
191,,,,,-114.38443207,43.33865490,1469.903,,,,,1.886,m,FIX,2022-06-03 11:34:04.0 UTC-06:00,2022-06-03 11:34:04.0 UTC-06:00,1,2.5,,,,-114.3834972,43.33865517,1462.44,76.32,Global CS
192,,,,,-114.38442548,43.33865728,1469.832,,,,,1.886,m,FIX,2022-06-03 11:34:10.6 UTC-06:00,2022-06-03 11:34:10.6 UTC-06:00,1,2.5,,,,-114.3834972,43.33865517,1462.44,75.776,Global CS
193,,,,,-114.38442774,43.33866153,1469.840,,,,,1.886,m,FIX,2022-06-03 11:34:15.6 UTC-06:00,2022-06-03 11:34:15.6 UTC-06:00,1,2.5,,,,-114.3834972,43.33865517,1462.44,75.952,Global CS
194,,,,,-114.38443451,43.33865818,1469.900,,,,,1.886,m,FIX,2022-06-03 11:34:22.6 UTC-06:00,2022-06-03 11:34:22.6 UTC-06:00,1,2.5,,,,-114.3834972,43.33865517,1462.44,76.511,Global CS
195,,,,,-114.38444811,43.33864161,1469.937,,,,,1.886,m,FIX,2022-06-03 11:35:51.0 UTC-06:00,2022-06-03 11:35:51.0 UTC-06:00,1,2.5,,,,-114.3834972,43.33865517,1462.44,77.666,Global CS
196,,,,,-114.38444954,43.33864375,1469.961,,,,,1.886,m,FIX,2022-06-03 11:35:58.2 UTC-06:00,2022-06-03 11:35:58.2 UTC-06:00,1,2.5,,,,-114.3834972,43.33865517,1462.44,77.777,Global CS
197,,,,,-114.38444709,43.33864461,1469.931,,,,,1.886,m,FIX,2022-06-03 11:36:05.2 UTC-06:00,2022-06-03 11:36:05.2 UTC-06:00,1,2.5,,,,-114.3834972,43.33865517,1462.44,77.57,Global CS
198,,,,,-114.38444528,43.33864183,1469.897,,,,,1.886,m,FIX,2022-06-03 11:36:11.6 UTC-06:00,2022-06-03 11:36:11.6 UTC-06:00,1,2.4,,,,-114.3834972,43.33865517,1462.44,77.438,Global CS
199,,,,,-114.38418628,43.33851352,1468.580,,,,,1.886,m,FLOAT,2022-06-03 11:38:31.0 UTC-06:00,2022-06-03 11:38:31.0 UTC-06:00,1,2.5,,,,-114.3834972,43.33865517,1462.44,58.99,Global CS
200,,,,,-114.38419146,43.33851450,1468.716,,,,,1.886,m,FIX,2022-06-03 11:38:37.6 UTC-06:00,2022-06-03 11:38:37.6 UTC-06:00,1,2.5,,,,-114.3834972,43.33865517,1462.44,59.353,Global CS
201,,,,,-114.38418778,43.33852077,1468.696,,,,,1.886,m,FIX,2022-06-03 11:38:44.2 UTC-06:00,2022-06-03 11:38:44.2 UTC-06:00,1,2.4,,,,-114.3834972,43.33865517,1462.44,58.868,Global CS
202,,,,,-114.38418375,43.33851974,1468.667,,,,,1.886,m,FIX,2022-06-03 11:38:51.0 UTC-06:00,2022-06-03 11:38:51.0 UTC-06:00,1,2.4,,,,-114.3834972,43.33865517,1462.44,58.581,Global CS
203,,,,,-114.38424691,43.33840500,1469.178,,,,,1.886,m,FIX,2022-06-03 11:39:25.4 UTC-06:00,2022-06-03 11:39:25.4 UTC-06:00,1,2.5,,,,-114.3834972,43.33865517,1462.44,68.023,Global CS
204,,,,,-114.38425090,43.33840408,1469.230,,,,,1.886,m,FIX,2022-06-03 11:39:30.6 UTC-06:00,2022-06-03 11:39:30.6 UTC-06:00,1,2.4,,,,-114.3834972,43.33865517,1462.44,68.361,Global CS
205,,,,,-114.38425605,43.33840160,1469.245,,,,,1.886,m,FIX,2022-06-03 11:39:36.8 UTC-06:00,2022-06-03 11:39:36.8 UTC-06:00,1,2.4,,,,-114.3834972,43.33865517,1462.44,68.858,Global CS
206,,,,,-114.38426202,43.33840724,1469.309,,,,,1.886,m,FIX,2022-06-03 11:39:44.8 UTC-06:00,2022-06-03 11:39:44.8 UTC-06:00,1,2.4,,,,-114.3834972,43.33865517,1462.44,69.026,Global CS
207,,,,,-114.38425563,43.33841047,1469.274,,,,,1.886,m,FIX,2022-06-03 11:39:51.2 UTC-06:00,2022-06-03 11:39:51.2 UTC-06:00,1,2.4,,,,-114.3834972,43.33865517,1462.44,68.405,Global CS
208,,,,,-114.38420355,43.33834995,1469.042,,,,,1.886,m,FIX,2022-06-03 11:40:19.4 UTC-06:00,2022-06-03 11:40:19.4 UTC-06:00,1,2.4,,,,-114.3834972,43.33865517,1462.44,67.878,Global CS
209,,,,,-114.38420454,43.33835239,1469.047,,,,,1.886,m,FIX,2022-06-03 11:40:25.6 UTC-06:00,2022-06-03 11:40:25.6 UTC-06:00,1,2.4,,,,-114.3834972,43.33865517,1462.44,67.802,Global CS
210,,,,,-114.38420073,43.33835324,1469.027,,,,,1.886,m,FIX,2022-06-03 11:40:31.4 UTC-06:00,2022-06-03 11:40:31.4 UTC-06:00,1,2.4,,,,-114.3834972,43.33865517,1462.44,67.491,Global CS
211,,,,,-114.38419967,43.33835000,1469.005,,,,,1.886,m,FIX,2022-06-03 11:40:37.4 UTC-06:00,2022-06-03 11:40:37.4 UTC-06:00,1,2.4,,,,-114.3834972,43.33865517,1462.44,67.608,Global CS
212,,,,,-114.38420855,43.33841355,1468.956,,,,,1.886,m,FIX,2022-06-03 11:40:52.6 UTC-06:00,2022-06-03 11:40:52.6 UTC-06:00,1,2.4,,,,-114.3834972,43.33865517,1462.44,64.8,Global CS
213,,,,,-114.38420674,43.33842123,1468.955,,,,,1.886,m,FIX,2022-06-03 11:40:57.2 UTC-06:00,2022-06-03 11:40:57.2 UTC-06:00,1,2.4,,,,-114.3834972,43.33865517,1462.44,64.3,Global CS
214,,,,,-114.38421607,43.33842268,1469.000,,,,,1.886,m,FIX,2022-06-03 11:41:03.2 UTC-06:00,2022-06-03 11:41:03.2 UTC-06:00,1,2.4,,,,-114.3834972,43.33865517,1462.44,64.914,Global CS
215,,,,,-114.38421759,43.33841364,1469.020,,,,,1.886,m,FIX,2022-06-03 11:41:11.0 UTC-06:00,2022-06-03 11:41:11.0 UTC-06:00,1,2.4,,,,-114.3834972,43.33865517,1462.44,65.462,Global CS
216,,,,,-114.38395097,43.33848001,1467.552,,,,,1.886,m,FIX,2022-06-03 11:41:50.4 UTC-06:00,2022-06-03 11:41:50.4 UTC-06:00,1,2.4,,,,-114.3834972,43.33865517,1462.44,42.837,Global CS
217,,,,,-114.38394463,43.33847768,1467.502,,,,,1.886,m,FIX,2022-06-03 11:41:57.8 UTC-06:00,2022-06-03 11:41:57.8 UTC-06:00,1,2.4,,,,-114.3834972,43.33865517,1462.44,42.52,Global CS
218,,,,,-114.38394688,43.33847210,1467.519,,,,,1.886,m,FIX,2022-06-03 11:42:06.8 UTC-06:00,2022-06-03 11:42:06.8 UTC-06:00,1,2.4,,,,-114.3834972,43.33865517,1462.44,42.994,Global CS
219,,,,,-114.38395486,43.33847370,1467.542,,,,,1.886,m,FIX,2022-06-03 11:42:13.6 UTC-06:00,2022-06-03 11:42:13.6 UTC-06:00,1,2.4,,,,-114.3834972,43.33865517,1462.44,43.464,Global CS
220,,,,,-114.38392555,43.33842967,1467.451,,,,,1.886,m,FIX,2022-06-03 11:46:16.4 UTC-06:00,2022-06-03 11:46:16.4 UTC-06:00,1,2.4,,,,-114.3834972,43.33865517,1462.44,44.209,Global CS
221,,,,,-114.38392121,43.33843251,1467.417,,,,,1.886,m,FIX,2022-06-03 11:46:23.6 UTC-06:00,2022-06-03 11:46:23.6 UTC-06:00,1,2.4,,,,-114.3834972,43.33865517,1462.44,43.739,Global CS
222,,,,,-114.38391500,43.33842824,1467.397,,,,,1.886,m,FIX,2022-06-03 11:46:31.2 UTC-06:00,2022-06-03 11:46:31.2 UTC-06:00,1,2.4,,,,-114.3834972,43.33865517,1462.44,43.628,Global CS
223,,,,,-114.38391953,43.33842448,1467.416,,,,,1.886,m,FIX,2022-06-03 11:46:38.4 UTC-06:00,2022-06-03 11:46:38.4 UTC-06:00,1,2.4,,,,-114.3834972,43.33865517,1462.44,44.179,Global CS
224,,,,,-114.38395449,43.33839145,1467.573,,,,,1.886,m,FIX,2022-06-03 11:47:02.6 UTC-06:00,2022-06-03 11:47:02.6 UTC-06:00,1,2.4,,,,-114.3834972,43.33865517,1462.44,48.699,Global CS
225,,,,,-114.38395346,43.33838513,1467.529,,,,,1.886,m,FIX,2022-06-03 11:47:09.0 UTC-06:00,2022-06-03 11:47:09.0 UTC-06:00,1,2.4,,,,-114.3834972,43.33865517,1462.44,49.08,Global CS
226,,,,,-114.38396216,43.33838453,1467.618,,,,,1.886,m,FIX,2022-06-03 11:47:15.6 UTC-06:00,2022-06-03 11:47:15.6 UTC-06:00,1,2.4,,,,-114.3834972,43.33865517,1462.44,49.668,Global CS
227,,,,,-114.38396181,43.33839130,1467.644,,,,,1.886,m,FIX,2022-06-03 11:47:22.6 UTC-06:00,2022-06-03 11:47:22.6 UTC-06:00,1,2.4,,,,-114.3834972,43.33865517,1462.44,49.166,Global CS
228,,,,,-114.38422064,43.33818420,1469.955,,,,,1.886,m,FIX,2022-06-03 13:33:18.0 UTC-06:00,2022-06-03 13:33:18.0 UTC-06:00,1,1.5,,,,-114.3834972,43.33865517,1462.44,80.182,Global CS
232,,,,,-114.38430805,43.33816914,1470.902,,,,,1.886,m,FIX,2022-06-03 13:34:08.2 UTC-06:00,2022-06-03 13:34:08.2 UTC-06:00,1,1.5,,,,-114.3834972,43.33865517,1462.44,86.662,Global CS
235,,,,,-114.38430605,43.33815845,1470.923,,,,,1.886,m,FIX,2022-06-03 13:34:33.0 UTC-06:00,2022-06-03 13:34:33.0 UTC-06:00,1,1.5,,,,-114.3834972,43.33865517,1462.44,87.31,Global CS
236,,,,,-114.38428643,43.33811745,1471.037,,,,,1.886,m,FIX,2022-06-03 13:34:47.2 UTC-06:00,2022-06-03 13:34:47.2 UTC-06:00,1,1.5,,,,-114.3834972,43.33865517,1462.44,89.156,Global CS
238,,,,,-114.38427659,43.33812593,1470.968,,,,,1.886,m,FIX,2022-06-03 13:35:04.2 UTC-06:00,2022-06-03 13:35:04.2 UTC-06:00,1,1.6,,,,-114.3834972,43.33865517,1462.44,87.967,Global CS
239,,,,,-114.38427423,43.33811731,1470.954,,,,,1.886,m,FIX,2022-06-03 13:35:12.0 UTC-06:00,2022-06-03 13:35:12.0 UTC-06:00,1,1.6,,,,-114.3834972,43.33865517,1462.44,88.492,Global CS
240,,,,,-114.38425501,43.33809025,1470.894,,,,,1.886,m,FIX,2022-06-03 13:35:35.8 UTC-06:00,2022-06-03 13:35:35.8 UTC-06:00,1,1.6,,,,-114.3834972,43.33865517,1462.44,89.52,Global CS
241,,,,,-114.38426999,43.33808732,1471.009,,,,,1.886,m,FLOAT,2022-06-03 13:35:45.0 UTC-06:00,2022-06-03 13:35:45.0 UTC-06:00,1,1.6,,,,-114.3834972,43.33865517,1462.44,90.563,Global CS
242,,,,,-114.38426520,43.33807552,1471.054,,,,,1.886,m,FIX,2022-06-03 13:35:54.0 UTC-06:00,2022-06-03 13:35:54.0 UTC-06:00,1,1.6,,,,-114.3834972,43.33865517,1462.44,91.278,Global CS
244,,,,,-114.38430487,43.33808241,1471.483,,,,,1.886,m,FIX,2022-06-03 13:36:55.4 UTC-06:00,2022-06-03 13:36:55.4 UTC-06:00,1,1.6,,,,-114.3834972,43.33865517,1462.44,93,Global CS
245,,,,,-114.38429739,43.33808236,1471.385,,,,,1.886,m,FIX,2022-06-03 13:37:10.0 UTC-06:00,2022-06-03 13:37:10.0 UTC-06:00,1,1.6,,,,-114.3834972,43.33865517,1462.44,92.571,Global CS
246,,,,,-114.38429547,43.33808662,1471.345,,,,,1.886,m,FIX,2022-06-03 13:37:16.8 UTC-06:00,2022-06-03 13:37:16.8 UTC-06:00,1,1.6,,,,-114.3834972,43.33865517,1462.44,92.125,Global CS
247,,,,,-114.38430355,43.33808827,1471.428,,,,,1.886,m,FIX,2022-06-03 13:37:24.6 UTC-06:00,2022-06-03 13:37:24.6 UTC-06:00,1,1.6,,,,-114.3834972,43.33865517,1462.44,92.47,Global CS
248,,,,,-114.38429731,43.33794069,1471.555,,,,,1.886,m,FLOAT,2022-06-03 13:37:52.6 UTC-06:00,2022-06-03 13:37:52.6 UTC-06:00,1,1.6,,,,-114.3834972,43.33865517,1462.44,104.293,Global CS
249,,,,,-114.38430024,43.33795253,1471.514,,,,,1.886,m,FIX,2022-06-03 13:38:23.0 UTC-06:00,2022-06-03 13:38:23.0 UTC-06:00,1,1.6,,,,-114.3834972,43.33865517,1462.44,103.427,Global CS
250,,,,,-114.38428604,43.33795397,1471.367,,,,,1.886,m,FIX,2022-06-03 13:38:45.4 UTC-06:00,2022-06-03 13:38:45.4 UTC-06:00,1,1.6,,,,-114.3834972,43.33865517,1462.44,102.572,Global CS
251,,,,,-114.38428386,43.33794135,1471.264,,,,,1.886,m,FIX,2022-06-03 13:38:54.6 UTC-06:00,2022-06-03 13:38:54.6 UTC-06:00,1,1.6,,,,-114.3834972,43.33865517,1462.44,103.546,Global CS
252,,,,,-114.38411016,43.33764371,1468.662,,,,,1.886,m,FIX,2022-06-03 13:40:09.6 UTC-06:00,2022-06-03 13:40:09.6 UTC-06:00,1,1.6,,,,-114.3834972,43.33865517,1462.44,124.694,Global CS
253,,,,,-114.38411423,43.33761560,1468.582,,,,,1.886,m,FIX,2022-06-03 13:40:20.8 UTC-06:00,2022-06-03 13:40:20.8 UTC-06:00,1,1.6,,,,-114.3834972,43.33865517,1462.44,127.694,Global CS
254,,,,,-114.38414812,43.33761710,1468.890,,,,,1.886,m,FIX,2022-06-03 13:40:31.0 UTC-06:00,2022-06-03 13:40:31.0 UTC-06:00,1,1.6,,,,-114.3834972,43.33865517,1462.44,128.654,Global CS
255,,,,,-114.38414304,43.33764790,1468.910,,,,,1.886,m,FIX,2022-06-03 13:40:42.6 UTC-06:00,2022-06-03 13:40:42.6 UTC-06:00,1,1.6,,,,-114.3834972,43.33865517,1462.44,125.375,Global CS
256,,,,,-114.38366830,43.33768578,1466.354,,,,,1.886,m,FIX,2022-06-03 13:42:21.2 UTC-06:00,2022-06-03 13:42:21.2 UTC-06:00,1,1.6,,,,-114.3834972,43.33865517,1462.44,110.411,Global CS
257,,,,,-114.38366117,43.33768645,1466.344,,,,,1.886,m,FIX,2022-06-03 13:42:27.2 UTC-06:00,2022-06-03 13:42:27.2 UTC-06:00,1,1.6,,,,-114.3834972,43.33865517,1462.44,110.263,Global CS
258,,,,,-114.38366040,43.33767945,1466.368,,,,,1.886,m,FIX,2022-06-03 13:42:36.0 UTC-06:00,2022-06-03 13:42:36.0 UTC-06:00,1,1.6,,,,-114.3834972,43.33865517,1462.44,111.029,Global CS
259,,,,,-114.38366910,43.33767958,1466.403,,,,,1.886,m,FIX,2022-06-03 13:42:43.8 UTC-06:00,2022-06-03 13:42:43.8 UTC-06:00,1,1.6,,,,-114.3834972,43.33865517,1462.44,111.105,Global CS
260,,,,,-114.38373939,43.33775825,1466.576,,,,,1.886,m,FIX,2022-06-03 13:43:25.6 UTC-06:00,2022-06-03 13:43:25.6 UTC-06:00,1,1.6,,,,-114.3834972,43.33865517,1462.44,103.393,Global CS
261,,,,,-114.38374161,43.33775063,1466.573,,,,,1.886,m,FIX,2022-06-03 13:43:35.2 UTC-06:00,2022-06-03 13:43:35.2 UTC-06:00,1,1.6,,,,-114.3834972,43.33865517,1462.44,104.257,Global CS
262,,,,,-114.38373231,43.33774858,1466.518,,,,,1.886,m,FIX,2022-06-03 13:43:44.2 UTC-06:00,2022-06-03 13:43:44.2 UTC-06:00,1,1.4,,,,-114.3834972,43.33865517,1462.44,104.339,Global CS
263,,,,,-114.38372668,43.33775532,1466.518,,,,,1.886,m,FIX,2022-06-03 13:43:50.4 UTC-06:00,2022-06-03 13:43:50.4 UTC-06:00,1,1.4,,,,-114.3834972,43.33865517,1462.44,103.522,Global CS
264,,,,,-114.38379447,43.33786294,1466.828,,,,,1.886,m,FIX,2022-06-03 13:44:29.6 UTC-06:00,2022-06-03 13:44:29.6 UTC-06:00,1,1.4,,,,-114.3834972,43.33865517,1462.44,93.082,Global CS
265,,,,,-114.38380080,43.33786500,1466.877,,,,,1.886,m,FIX,2022-06-03 13:44:37.2 UTC-06:00,2022-06-03 13:44:37.2 UTC-06:00,1,1.4,,,,-114.3834972,43.33865517,1462.44,92.995,Global CS
266,,,,,-114.38380348,43.33786019,1466.873,,,,,1.886,m,FIX,2022-06-03 13:44:44.8 UTC-06:00,2022-06-03 13:44:44.8 UTC-06:00,1,1.4,,,,-114.3834972,43.33865517,1462.44,93.572,Global CS
267,,,,,-114.38379640,43.33785926,1466.841,,,,,1.886,m,FIX,2022-06-03 13:44:52.4 UTC-06:00,2022-06-03 13:44:52.4 UTC-06:00,1,1.4,,,,-114.3834972,43.33865517,1462.44,93.517,Global CS
268,,,,,-114.38393843,43.33793174,1467.825,,,,,1.886,m,FIX,2022-06-03 13:45:34.2 UTC-06:00,2022-06-03 13:45:34.2 UTC-06:00,1,1.4,,,,-114.3834972,43.33865517,1462.44,89.777,Global CS
269,,,,,-114.38393949,43.33792558,1467.813,,,,,1.886,m,FIX,2022-06-03 13:45:40.8 UTC-06:00,2022-06-03 13:45:40.8 UTC-06:00,1,1.4,,,,-114.3834972,43.33865517,1462.44,90.442,Global CS
270,,,,,-114.38393095,43.33792533,1467.780,,,,,1.886,m,FIX,2022-06-03 13:45:47.2 UTC-06:00,2022-06-03 13:45:47.2 UTC-06:00,1,1.4,,,,-114.3834972,43.33865517,1462.44,90.192,Global CS
271,,,,,-114.38393083,43.33793050,1467.776,,,,,1.886,m,FIX,2022-06-03 13:45:55.2 UTC-06:00,2022-06-03 13:45:55.2 UTC-06:00,1,1.4,,,,-114.3834972,43.33865517,1462.44,89.656,Global CS
272,,,,,-114.38395494,43.33808164,1467.860,,,,,1.886,m,FIX,2022-06-03 13:46:50.4 UTC-06:00,2022-06-03 13:46:50.4 UTC-06:00,1,1.4,,,,-114.3834972,43.33865517,1462.44,75.493,Global CS
273,,,,,-114.38394526,43.33808209,1467.813,,,,,1.886,m,FIX,2022-06-03 13:46:57.6 UTC-06:00,2022-06-03 13:46:57.6 UTC-06:00,1,1.4,,,,-114.3834972,43.33865517,1462.44,75.063,Global CS
274,,,,,-114.38394520,43.33807573,1467.830,,,,,1.886,m,FIX,2022-06-03 13:47:05.8 UTC-06:00,2022-06-03 13:47:05.8 UTC-06:00,1,1.4,,,,-114.3834972,43.33865517,1462.44,75.679,Global CS
275,,,,,-114.38395511,43.33807531,1467.887,,,,,1.886,m,FIX,2022-06-03 13:47:14.2 UTC-06:00,2022-06-03 13:47:14.2 UTC-06:00,1,1.4,,,,-114.3834972,43.33865517,1462.44,76.112,Global CS
276,,,,,-114.38401050,43.33812391,1468.187,,,,,1.886,m,FIX,2022-06-03 13:47:32.2 UTC-06:00,2022-06-03 13:47:32.2 UTC-06:00,1,1.4,,,,-114.3834972,43.33865517,1462.44,73.933,Global CS
277,,,,,-114.38401179,43.33811979,1468.154,,,,,1.886,m,FIX,2022-06-03 13:47:39.4 UTC-06:00,2022-06-03 13:47:39.4 UTC-06:00,1,1.4,,,,-114.3834972,43.33865517,1462.44,74.368,Global CS
278,,,,,-114.38400430,43.33811943,1468.142,,,,,1.886,m,FIX,2022-06-03 13:47:46.4 UTC-06:00,2022-06-03 13:47:46.4 UTC-06:00,1,1.4,,,,-114.3834972,43.33865517,1462.44,74.057,Global CS
279,,,,,-114.38400404,43.33812333,1468.131,,,,,1.886,m,FIX,2022-06-03 13:47:52.4 UTC-06:00,2022-06-03 13:47:52.4 UTC-06:00,1,1.5,,,,-114.3834972,43.33865517,1462.44,73.689,Global CS
280,,,,,-114.38401139,43.33815264,1468.131,,,,,1.886,m,FIX,2022-06-03 13:48:57.4 UTC-06:00,2022-06-03 13:48:57.4 UTC-06:00,1,1.5,,,,-114.3834972,43.33865517,1462.44,71.371,Global CS
281,,,,,-114.38401308,43.33816144,1468.143,,,,,1.886,m,FIX,2022-06-03 13:49:05.8 UTC-06:00,2022-06-03 13:49:05.8 UTC-06:00,1,1.5,,,,-114.3834972,43.33865517,1462.44,70.666,Global CS
282,,,,,-114.38400471,43.33816229,1468.077,,,,,1.886,m,FIX,2022-06-03 13:49:12.0 UTC-06:00,2022-06-03 13:49:12.0 UTC-06:00,1,1.5,,,,-114.3834972,43.33865517,1462.44,70.186,Global CS
283,,,,,-114.38400522,43.33815356,1468.095,,,,,1.886,m,FIX,2022-06-03 13:49:19.8 UTC-06:00,2022-06-03 13:49:19.8 UTC-06:00,1,1.4,,,,-114.3834972,43.33865517,1462.44,70.994,Global CS
284,,,,,-114.38385956,43.33808142,1467.140,,,,,1.886,m,FIX,2022-06-03 13:50:48.4 UTC-06:00,2022-06-03 13:50:48.4 UTC-06:00,1,1.5,,,,-114.3834972,43.33865517,1462.44,71.833,Global CS
285,,,,,-114.38387118,43.33807898,1467.214,,,,,1.886,m,FIX,2022-06-03 13:50:55.8 UTC-06:00,2022-06-03 13:50:55.8 UTC-06:00,1,1.5,,,,-114.3834972,43.33865517,1462.44,72.494,Global CS
292,,,,,-114.38366001,43.33818968,1466.287,,,,,1.886,m,FIX,2022-06-03 13:53:17.4 UTC-06:00,2022-06-03 13:53:17.4 UTC-06:00,1,1.5,,,,-114.3834972,43.33865517,1462.44,55.189,Global CS
293,,,,,-114.38366370,43.33819087,1466.287,,,,,1.886,m,FIX,2022-06-03 13:53:24.2 UTC-06:00,2022-06-03 13:53:24.2 UTC-06:00,1,1.5,,,,-114.3834972,43.33865517,1462.44,55.134,Global CS
294,,,,,-114.38366556,43.33818729,1466.291,,,,,1.886,m,FIX,2022-06-03 13:53:31.4 UTC-06:00,2022-06-03 13:53:31.4 UTC-06:00,1,1.5,,,,-114.3834972,43.33865517,1462.44,55.555,Global CS
295,,,,,-114.38366154,43.33818657,1466.318,,,,,1.886,m,FIX,2022-06-03 13:53:39.2 UTC-06:00,2022-06-03 13:53:39.2 UTC-06:00,1,1.5,,,,-114.3834972,43.33865517,1462.44,55.552,Global CS
301,,,,,-114.38349055,43.33848091,1465.958,,,,,1.886,m,FIX,2022-06-03 14:03:17.2 UTC-06:00,2022-06-03 14:03:17.2 UTC-06:00,1,1.6,,,,-114.3834972,43.33865517,1462.44,21.13,Global CS
302,,,,,-114.38348400,43.33848154,1465.897,,,,,1.886,m,FIX,2022-06-03 14:03:26.8 UTC-06:00,2022-06-03 14:03:26.8 UTC-06:00,1,1.6,,,,-114.3834972,43.33865517,1462.44,21.073,Global CS
303,,,,,-114.38348174,43.33847474,1465.913,,,,,1.886,m,FIX,2022-06-03 14:03:36.0 UTC-06:00,2022-06-03 14:03:36.0 UTC-06:00,1,1.6,,,,-114.3834972,43.33865517,1462.44,21.833,Global CS
304,,,,,-114.38348919,43.33847386,1465.949,,,,,1.886,m,FIX,2022-06-03 14:03:53.2 UTC-06:00,2022-06-03 14:03:53.2 UTC-06:00,1,1.6,,,,-114.3834972,43.33865517,1462.44,21.914,Global CS
305,,,,,-114.38358280,43.33836423,1466.155,,,,,1.886,m,FIX,2022-06-03 14:04:22.4 UTC-06:00,2022-06-03 14:04:22.4 UTC-06:00,1,1.7,,,,-114.3834972,43.33865517,1462.44,34.87,Global CS
306,,,,,-114.38358345,43.33835660,1466.114,,,,,1.886,m,FIX,2022-06-03 14:04:32.4 UTC-06:00,2022-06-03 14:04:32.4 UTC-06:00,1,1.7,,,,-114.3834972,43.33865517,1462.44,35.711,Global CS
307,,,,,-114.38359392,43.33835749,1466.218,,,,,1.886,m,FIX,2022-06-03 14:04:40.4 UTC-06:00,2022-06-03 14:04:40.4 UTC-06:00,1,1.7,,,,-114.3834972,43.33865517,1462.44,35.798,Global CS
308,,,,,-114.38359451,43.33836558,1466.206,,,,,1.886,m,FIX,2022-06-03 14:04:47.4 UTC-06:00,2022-06-03 14:04:47.4 UTC-06:00,1,1.7,,,,-114.3834972,43.33865517,1462.44,34.936,Global CS
309,,,,,-114.38360148,43.33832145,1466.154,,,,,1.886,m,FIX,2022-06-03 14:05:04.8 UTC-06:00,2022-06-03 14:05:04.8 UTC-06:00,1,1.7,,,,-114.3834972,43.33865517,1462.44,39.839,Global CS
311,,,,,-114.38361279,43.33832663,1466.253,,,,,1.886,m,FIX,2022-06-03 14:05:20.0 UTC-06:00,2022-06-03 14:05:20.0 UTC-06:00,1,1.7,,,,-114.3834972,43.33865517,1462.44,39.492,Global CS
312,,,,,-114.38361041,43.33832086,1466.187,,,,,1.886,m,FIX,2022-06-03 14:05:28.0 UTC-06:00,2022-06-03 14:05:28.0 UTC-06:00,1,1.7,,,,-114.3834972,43.33865517,1462.44,40.068,Global CS
313,,,,,-114.38359655,43.33811149,1466.122,,,,,1.886,m,FIX,2022-06-03 14:07:17.8 UTC-06:00,2022-06-03 14:07:17.8 UTC-06:00,1,1.7,,,,-114.3834972,43.33865517,1462.44,62.75,Global CS
314,,,,,-114.38358856,43.33811193,1466.120,,,,,1.886,m,FIX,2022-06-03 14:07:27.8 UTC-06:00,2022-06-03 14:07:27.8 UTC-06:00,1,1.7,,,,-114.3834972,43.33865517,1462.44,62.617,Global CS
315,,,,,-114.38358886,43.33811639,1466.122,,,,,1.886,m,FIX,2022-06-03 14:07:36.0 UTC-06:00,2022-06-03 14:07:36.0 UTC-06:00,1,1.7,,,,-114.3834972,43.33865517,1462.44,62.131,Global CS
316,,,,,-114.38359724,43.33811680,1466.054,,,,,1.886,m,FIX,2022-06-03 14:07:42.8 UTC-06:00,2022-06-03 14:07:42.8 UTC-06:00,1,1.7,,,,-114.3834972,43.33865517,1462.44,62.172,Global CS
317,,,,,-114.38351382,43.33799840,1465.791,,,,,1.886,m,FIX,2022-06-03 14:08:46.2 UTC-06:00,2022-06-03 14:08:46.2 UTC-06:00,1,1.5,,,,-114.3834972,43.33865517,1462.44,74.77,Global CS
318,,,,,-114.38351332,43.33800401,1465.768,,,,,1.886,m,FIX,2022-06-03 14:08:55.8 UTC-06:00,2022-06-03 14:08:55.8 UTC-06:00,1,1.5,,,,-114.3834972,43.33865517,1462.44,74.145,Global CS
319,,,,,-114.38351380,43.33800327,1465.809,,,,,1.886,m,FIX,2022-06-03 14:10:13.0 UTC-06:00,2022-06-03 14:10:13.0 UTC-06:00,1,1.4,,,,-114.3834972,43.33865517,1462.44,74.228,Global CS
320,,,,,-114.38352079,43.33800432,1465.787,,,,,1.886,m,FIX,2022-06-03 14:10:20.8 UTC-06:00,2022-06-03 14:10:20.8 UTC-06:00,1,1.4,,,,-114.3834972,43.33865517,1462.44,74.126,Global CS
321,,,,,-114.38352225,43.33800003,1465.804,,,,,1.886,m,FIX,2022-06-03 14:10:31.6 UTC-06:00,2022-06-03 14:10:31.6 UTC-06:00,1,1.5,,,,-114.3834972,43.33865517,1462.44,74.606,Global CS
322,,,,,-114.38353842,43.33799704,1465.831,,,,,1.886,m,FIX,2022-06-03 14:11:06.2 UTC-06:00,2022-06-03 14:11:06.2 UTC-06:00,1,1.5,,,,-114.3834972,43.33865517,1462.44,74.992,Global CS
323,,,,,-114.38354038,43.33799022,1465.811,,,,,1.886,m,FIX,2022-06-03 14:11:14.0 UTC-06:00,2022-06-03 14:11:14.0 UTC-06:00,1,1.4,,,,-114.3834972,43.33865517,1462.44,75.756,Global CS
324,,,,,-114.38354557,43.33799201,1465.861,,,,,1.886,m,FIX,2022-06-03 14:11:41.6 UTC-06:00,2022-06-03 14:11:41.6 UTC-06:00,1,1.4,,,,-114.3834972,43.33865517,1462.44,75.579,Global CS
325,,,,,-114.38354371,43.33799777,1465.848,,,,,1.886,m,FIX,2022-06-03 14:11:48.2 UTC-06:00,2022-06-03 14:11:48.2 UTC-06:00,1,1.5,,,,-114.3834972,43.33865517,1462.44,74.931,Global CS
326,,,,,-114.38344261,43.33787178,1465.487,,,,,1.886,m,FIX,2022-06-03 14:12:22.2 UTC-06:00,2022-06-03 14:12:22.2 UTC-06:00,1,1.5,,,,-114.3834972,43.33865517,1462.44,88.91,Global CS
327,,,,,-114.38343958,43.33787815,1465.474,,,,,1.886,m,FIX,2022-06-03 14:12:29.8 UTC-06:00,2022-06-03 14:12:29.8 UTC-06:00,1,1.5,,,,-114.3834972,43.33865517,1462.44,88.218,Global CS
328,,,,,-114.38343418,43.33786943,1465.448,,,,,1.886,m,FIX,2022-06-03 14:12:39.4 UTC-06:00,2022-06-03 14:12:39.4 UTC-06:00,1,1.5,,,,-114.3834972,43.33865517,1462.44,89.207,Global CS
329,,,,,-114.38342958,43.33787515,1465.500,,,,,1.886,m,FIX,2022-06-03 14:12:48.8 UTC-06:00,2022-06-03 14:12:48.8 UTC-06:00,1,1.5,,,,-114.3834972,43.33865517,1462.44,88.593,Global CS
330,,,,,-114.38337275,43.33783459,1465.478,,,,,1.886,m,FIX,2022-06-03 14:13:26.8 UTC-06:00,2022-06-03 14:13:26.8 UTC-06:00,1,1.5,,,,-114.3834972,43.33865517,1462.44,93.457,Global CS
332,,,,,-114.38337950,43.33782865,1465.529,,,,,1.886,m,FIX,2022-06-03 14:13:38.4 UTC-06:00,2022-06-03 14:13:38.4 UTC-06:00,1,1.5,,,,-114.3834972,43.33865517,1462.44,94.059,Global CS
334,,,,,-114.38332223,43.33783484,1465.331,,,,,1.886,m,FIX,2022-06-03 14:14:06.0 UTC-06:00,2022-06-03 14:14:06.0 UTC-06:00,1,1.5,,,,-114.3834972,43.33865517,1462.44,93.948,Global CS
335,,,,,-114.38332995,43.33783708,1465.409,,,,,1.886,m,FIX,2022-06-03 14:14:13.6 UTC-06:00,2022-06-03 14:14:13.6 UTC-06:00,1,1.5,,,,-114.3834972,43.33865517,1462.44,93.611,Global CS
336,,,,,-114.38332764,43.33784295,1465.334,,,,,1.886,m,FIX,2022-06-03 14:14:21.4 UTC-06:00,2022-06-03 14:14:21.4 UTC-06:00,1,1.5,,,,-114.3834972,43.33865517,1462.44,92.991,Global CS
337,,,,,-114.38332091,43.33784137,1465.305,,,,,1.886,m,FIX,2022-06-03 14:14:28.8 UTC-06:00,2022-06-03 14:14:28.8 UTC-06:00,1,1.5,,,,-114.3834972,43.33865517,1462.44,93.248,Global CS
338,,,,,-114.38325590,43.33782007,1465.232,,,,,1.886,m,FIX,2022-06-03 14:14:45.2 UTC-06:00,2022-06-03 14:14:45.2 UTC-06:00,1,1.5,,,,-114.3834972,43.33865517,1462.44,96.499,Global CS
339,,,,,-114.38324956,43.33781871,1465.313,,,,,1.886,m,FIX,2022-06-03 14:14:51.4 UTC-06:00,2022-06-03 14:14:51.4 UTC-06:00,1,1.5,,,,-114.3834972,43.33865517,1462.44,96.751,Global CS
340,,,,,-114.38324898,43.33781216,1465.297,,,,,1.886,m,FIX,2022-06-03 14:14:59.2 UTC-06:00,2022-06-03 14:14:59.2 UTC-06:00,1,1.5,,,,-114.3834972,43.33865517,1462.44,97.47,Global CS
341,,,,,-114.38325789,43.33781198,1465.254,,,,,1.886,m,FIX,2022-06-03 14:15:07.0 UTC-06:00,2022-06-03 14:15:07.0 UTC-06:00,1,1.6,,,,-114.3834972,43.33865517,1462.44,97.347,Global CS
342,,,,,-114.38312452,43.33793231,1465.026,,,,,1.886,m,FIX,2022-06-03 14:15:59.6 UTC-06:00,2022-06-03 14:15:59.6 UTC-06:00,1,1.4,,,,-114.3834972,43.33865517,1462.44,87.36,Global CS
343,,,,,-114.38310628,43.33792460,1464.975,,,,,1.886,m,FIX,2022-06-03 14:16:11.6 UTC-06:00,2022-06-03 14:16:11.6 UTC-06:00,1,1.4,,,,-114.3834972,43.33865517,1462.44,88.678,Global CS
344,,,,,-114.38311679,43.33791042,1465.071,,,,,1.886,m,FIX,2022-06-03 14:17:25.8 UTC-06:00,2022-06-03 14:17:25.8 UTC-06:00,1,1.5,,,,-114.3834972,43.33865517,1462.44,89.863,Global CS
345,,,,,-114.38313181,43.33791437,1464.943,,,,,1.886,m,FIX,2022-06-03 14:17:38.2 UTC-06:00,2022-06-03 14:17:38.2 UTC-06:00,1,1.5,,,,-114.3834972,43.33865517,1462.44,89.043,Global CS
346,,,,,-114.38323532,43.33834784,1465.512,,,,,1.886,m,FIX,2022-06-03 14:18:46.4 UTC-06:00,2022-06-03 14:18:46.4 UTC-06:00,1,1.5,,,,-114.3834972,43.33865517,1462.44,41.547,Global CS
347,,,,,-114.38323957,43.33835414,1465.531,,,,,1.886,m,FIX,2022-06-03 14:18:55.0 UTC-06:00,2022-06-03 14:18:55.0 UTC-06:00,1,1.5,,,,-114.3834972,43.33865517,1462.44,40.766,Global CS
348,,,,,-114.38323100,43.33835664,1465.573,,,,,1.886,m,FIX,2022-06-03 14:19:03.4 UTC-06:00,2022-06-03 14:19:03.4 UTC-06:00,1,1.5,,,,-114.3834972,43.33865517,1462.44,40.882,Global CS
349,,,,,-114.38322694,43.33835113,1465.608,,,,,1.886,m,FIX,2022-06-03 14:19:38.4 UTC-06:00,2022-06-03 14:19:38.4 UTC-06:00,1,1.5,,,,-114.3834972,43.33865517,1462.44,41.575,Global CS
350,,,,,-114.38307425,43.33856369,1465.541,,,,,1.886,m,FIX,2022-06-03 14:27:51.6 UTC-06:00,2022-06-03 14:27:51.6 UTC-06:00,1,1.5,,,,-114.3834972,43.33865517,1462.44,35.977,Global CS
351,,,,,-114.38307265,43.33855659,1465.549,,,,,1.886,m,FIX,2022-06-03 14:28:00.4 UTC-06:00,2022-06-03 14:28:00.4 UTC-06:00,1,1.5,,,,-114.3834972,43.33865517,1462.44,36.371,Global CS
352,,,,,-114.38308127,43.33855583,1465.603,,,,,1.886,m,FIX,2022-06-03 14:28:09.0 UTC-06:00,2022-06-03 14:28:09.0 UTC-06:00,1,1.5,,,,-114.3834972,43.33865517,1462.44,35.745,Global CS
353,,,,,-114.38308113,43.33856389,1465.567,,,,,1.886,m,FIX,2022-06-03 14:28:17.6 UTC-06:00,2022-06-03 14:28:17.6 UTC-06:00,1,1.5,,,,-114.3834972,43.33865517,1462.44,35.444,Global CS
354,,,,,-114.38289276,43.33845429,1464.775,,,,,1.886,m,FIX,2022-06-03 14:28:56.0 UTC-06:00,2022-06-03 14:28:56.0 UTC-06:00,1,1.5,,,,-114.3834972,43.33865517,1462.44,54.307,Global CS
355,,,,,-114.38288955,43.33845308,1464.767,,,,,1.886,m,FIX,2022-06-03 14:29:04.2 UTC-06:00,2022-06-03 14:29:04.2 UTC-06:00,1,1.5,,,,-114.3834972,43.33865517,1462.44,54.604,Global CS
356,,,,,-114.38288754,43.33845553,1464.712,,,,,1.886,m,FIX,2022-06-03 14:29:10.4 UTC-06:00,2022-06-03 14:29:10.4 UTC-06:00,1,1.5,,,,-114.3834972,43.33865517,1462.44,54.629,Global CS
357,,,,,-114.38289101,43.33845649,1464.775,,,,,1.886,m,FIX,2022-06-03 14:29:17.4 UTC-06:00,2022-06-03 14:29:17.4 UTC-06:00,1,1.5,,,,-114.3834972,43.33865517,1462.44,54.325,Global CS
358,,,,,-114.38284790,43.33840179,1464.873,,,,,1.886,m,FIX,2022-06-03 14:29:47.0 UTC-06:00,2022-06-03 14:29:47.0 UTC-06:00,1,1.5,,,,-114.3834972,43.33865517,1462.44,60.264,Global CS
359,,,,,-114.38284794,43.33840183,1464.866,,,,,1.886,m,FIX,2022-06-03 14:29:49.0 UTC-06:00,2022-06-03 14:29:49.0 UTC-06:00,1,1.5,,,,-114.3834972,43.33865517,1462.44,60.26,Global CS
360,,,,,-114.38285529,43.33841115,1464.957,,,,,1.886,m,FIX,2022-06-03 14:29:57.4 UTC-06:00,2022-06-03 14:29:57.4 UTC-06:00,1,1.5,,,,-114.3834972,43.33865517,1462.44,59.228,Global CS
361,,,,,-114.38284605,43.33841553,1464.635,,,,,1.886,m,FIX,2022-06-03 14:30:05.4 UTC-06:00,2022-06-03 14:30:05.4 UTC-06:00,1,1.5,,,,-114.3834972,43.33865517,1462.44,59.651,Global CS
362,,,,,-114.38283812,43.33840977,1464.835,,,,,1.886,m,FIX,2022-06-03 14:30:14.2 UTC-06:00,2022-06-03 14:30:14.2 UTC-06:00,1,1.5,,,,-114.3834972,43.33865517,1462.44,60.525,Global CS
363,,,,,-114.38282982,43.33829118,1464.872,,,,,1.886,m,FIX,2022-06-03 14:31:00.4 UTC-06:00,2022-06-03 14:31:00.4 UTC-06:00,1,1.5,,,,-114.3834972,43.33865517,1462.44,68.366,Global CS
366,,,,,-114.38282270,43.33829165,1464.863,,,,,1.886,m,FIX,2022-06-03 14:31:33.6 UTC-06:00,2022-06-03 14:31:33.6 UTC-06:00,1,1.5,,,,-114.3834972,43.33865517,1462.44,68.791,Global CS
367,,,,,-114.38271983,43.33833400,1464.642,,,,,1.886,m,FIX,2022-06-03 14:32:26.8 UTC-06:00,2022-06-03 14:32:26.8 UTC-06:00,1,1.5,,,,-114.3834972,43.33865517,1462.44,73.036,Global CS
368,,,,,-114.38271981,43.33833389,1464.646,,,,,1.886,m,FIX,2022-06-03 14:32:29.4 UTC-06:00,2022-06-03 14:32:29.4 UTC-06:00,1,1.6,,,,-114.3834972,43.33865517,1462.44,73.046,Global CS
369,,,,,-114.38272142,43.33833886,1464.648,,,,,1.886,m,FIX,2022-06-03 14:32:37.6 UTC-06:00,2022-06-03 14:32:37.6 UTC-06:00,1,1.6,,,,-114.3834972,43.33865517,1462.44,72.65,Global CS
370,,,,,-114.38271408,43.33833906,1464.640,,,,,1.886,m,FIX,2022-06-03 14:32:44.4 UTC-06:00,2022-06-03 14:32:44.4 UTC-06:00,1,1.6,,,,-114.3834972,43.33865517,1462.44,73.152,Global CS
371,,,,,-114.38271345,43.33833580,1464.646,,,,,1.886,m,FIX,2022-06-03 14:32:52.2 UTC-06:00,2022-06-03 14:32:52.2 UTC-06:00,1,1.5,,,,-114.3834972,43.33865517,1462.44,73.378,Global CS
372,,,,,-114.38252130,43.33827174,1464.045,,,,,1.886,m,FIX,2022-06-03 14:33:40.0 UTC-06:00,2022-06-03 14:33:40.0 UTC-06:00,1,1.5,,,,-114.3834972,43.33865517,1462.44,90.449,Global CS
373,,,,,-114.38251220,43.33826599,1463.997,,,,,1.886,m,FIX,2022-06-03 14:33:51.4 UTC-06:00,2022-06-03 14:33:51.4 UTC-06:00,1,1.5,,,,-114.3834972,43.33865517,1462.44,91.404,Global CS
375,,,,,-114.38249796,43.33827679,1463.946,,,,,1.886,m,FIX,2022-06-03 14:34:11.4 UTC-06:00,2022-06-03 14:34:11.4 UTC-06:00,1,1.5,,,,-114.3834972,43.33865517,1462.44,91.831,Global CS
376,,,,,-114.38256530,43.33806469,1463.683,,,,,1.886,m,FIX,2022-06-03 14:35:17.4 UTC-06:00,2022-06-03 14:35:17.4 UTC-06:00,1,1.6,,,,-114.3834972,43.33865517,1462.44,101.013,Global CS
377,,,,,-114.38256301,43.33806645,1463.703,,,,,1.886,m,FIX,2022-06-03 14:35:25.0 UTC-06:00,2022-06-03 14:35:25.0 UTC-06:00,1,1.6,,,,-114.3834972,43.33865517,1462.44,101.02,Global CS
378,,,,,-114.38256146,43.33806512,1463.669,,,,,1.886,m,FIX,2022-06-03 14:35:32.4 UTC-06:00,2022-06-03 14:35:32.4 UTC-06:00,1,1.6,,,,-114.3834972,43.33865517,1462.44,101.215,Global CS
379,,,,,-114.38256393,43.33806365,1463.677,,,,,1.886,m,FIX,2022-06-03 14:35:39.2 UTC-06:00,2022-06-03 14:35:39.2 UTC-06:00,1,1.6,,,,-114.3834972,43.33865517,1462.44,101.175,Global CS
380,,,,,-114.38257651,43.33806331,1463.701,,,,,1.886,m,FIX,2022-06-03 14:36:00.8 UTC-06:00,2022-06-03 14:36:00.8 UTC-06:00,1,1.6,,,,-114.3834972,43.33865517,1462.44,100.44,Global CS
381,,,,,-114.38258154,43.33806334,1463.717,,,,,1.886,m,FIX,2022-06-03 14:36:09.6 UTC-06:00,2022-06-03 14:36:09.6 UTC-06:00,1,1.6,,,,-114.3834972,43.33865517,1462.44,100.134,Global CS
382,,,,,-114.38258112,43.33805901,1463.706,,,,,1.886,m,FIX,2022-06-03 14:36:15.2 UTC-06:00,2022-06-03 14:36:15.2 UTC-06:00,1,1.6,,,,-114.3834972,43.33865517,1462.44,100.485,Global CS
383,,,,,-114.38257625,43.33805872,1463.701,,,,,1.886,m,FIX,2022-06-03 14:36:23.2 UTC-06:00,2022-06-03 14:36:23.2 UTC-06:00,1,1.6,,,,-114.3834972,43.33865517,1462.44,100.8,Global CS
384,,,,,-114.38248111,43.33794575,1463.871,,,,,1.886,m,FIX,2022-06-03 14:37:30.0 UTC-06:00,2022-06-03 14:37:30.0 UTC-06:00,1,1.6,,,,-114.3834972,43.33865517,1462.44,115.036,Global CS
385,,,,,-114.38248226,43.33795093,1463.865,,,,,1.886,m,FIX,2022-06-03 14:37:40.2 UTC-06:00,2022-06-03 14:37:40.2 UTC-06:00,1,1.5,,,,-114.3834972,43.33865517,1462.44,114.566,Global CS
386,,,,,-114.38247656,43.33794664,1463.866,,,,,1.886,m,FIX,2022-06-03 14:37:48.4 UTC-06:00,2022-06-03 14:37:48.4 UTC-06:00,1,1.6,,,,-114.3834972,43.33865517,1462.44,115.228,Global CS
387,,,,,-114.38247725,43.33795110,1463.853,,,,,1.886,m,FIX,2022-06-03 14:37:59.4 UTC-06:00,2022-06-03 14:37:59.4 UTC-06:00,1,1.6,,,,-114.3834972,43.33865517,1462.44,114.843,Global CS
388,,,,,-114.38247736,43.33795112,1463.857,,,,,1.886,m,FIX,2022-06-03 14:38:11.0 UTC-06:00,2022-06-03 14:38:11.0 UTC-06:00,1,1.5,,,,-114.3834972,43.33865517,1462.44,114.833,Global CS
389,,,,,-114.38235220,43.33787527,1463.540,,,,,1.886,m,FIX,2022-06-03 14:39:04.6 UTC-06:00,2022-06-03 14:39:04.6 UTC-06:00,1,1.6,,,,-114.3834972,43.33865517,1462.44,127.999,Global CS
390,,,,,-114.38235567,43.33787934,1463.530,,,,,1.886,m,FIX,2022-06-03 14:39:11.2 UTC-06:00,2022-06-03 14:39:11.2 UTC-06:00,1,1.6,,,,-114.3834972,43.33865517,1462.44,127.478,Global CS
391,,,,,-114.38234647,43.33787815,1463.479,,,,,1.886,m,FIX,2022-06-03 14:39:19.6 UTC-06:00,2022-06-03 14:39:19.6 UTC-06:00,1,1.6,,,,-114.3834972,43.33865517,1462.44,128.112,Global CS
392,,,,,-114.38235004,43.33788178,1463.496,,,,,1.886,m,FIX,2022-06-03 14:39:28.6 UTC-06:00,2022-06-03 14:39:28.6 UTC-06:00,1,1.6,,,,-114.3834972,43.33865517,1462.44,127.627,Global CS
393,,,,,-114.38232487,43.33782499,1463.463,,,,,1.886,m,FIX,2022-06-03 14:39:55.4 UTC-06:00,2022-06-03 14:39:55.4 UTC-06:00,1,1.6,,,,-114.3834972,43.33865517,1462.44,133.485,Global CS
394,,,,,-114.38232417,43.33781563,1463.477,,,,,1.886,m,FIX,2022-06-03 14:40:15.6 UTC-06:00,2022-06-03 14:40:15.6 UTC-06:00,1,1.6,,,,-114.3834972,43.33865517,1462.44,134.252,Global CS
395,,,,,-114.38231562,43.33781614,1463.412,,,,,1.886,m,FIX,2022-06-03 14:40:26.2 UTC-06:00,2022-06-03 14:40:26.2 UTC-06:00,1,1.6,,,,-114.3834972,43.33865517,1462.44,134.708,Global CS
396,,,,,-114.38231473,43.33782410,1463.339,,,,,1.886,m,FIX,2022-06-03 14:40:33.8 UTC-06:00,2022-06-03 14:40:33.8 UTC-06:00,1,1.5,,,,-114.3834972,43.33865517,1462.44,134.142,Global CS
397,,,,,-114.38297291,43.33851508,1465.104,,,,,1.886,m,FIX,2022-06-03 14:44:19.0 UTC-06:00,2022-06-03 14:44:19.0 UTC-06:00,1,1.6,,,,-114.3834972,43.33865517,1462.44,45.594,Global CS
398,,,,,-114.38298086,43.33851649,1465.119,,,,,1.886,m,FIX,2022-06-03 14:44:26.2 UTC-06:00,2022-06-03 14:44:26.2 UTC-06:00,1,1.6,,,,-114.3834972,43.33865517,1462.44,44.935,Global CS
399,,,,,-114.38297758,43.33852118,1465.118,,,,,1.886,m,FIX,2022-06-03 14:44:32.2 UTC-06:00,2022-06-03 14:44:32.2 UTC-06:00,1,1.6,,,,-114.3834972,43.33865517,1462.44,44.987,Global CS
400,,,,,-114.38297139,43.33851895,1465.139,,,,,1.886,m,FIX,2022-06-03 14:44:41.8 UTC-06:00,2022-06-03 14:44:41.8 UTC-06:00,1,1.6,,,,-114.3834972,43.33865517,1462.44,45.544,Global CS
401,,,,,-114.38348943,43.33765751,1465.870,,,,,1.886,m,FIX,2022-06-03 14:51:03.2 UTC-06:00,2022-06-03 14:51:03.2 UTC-06:00,1,1.6,,,,-114.3834972,43.33865517,1462.44,112.628,Global CS
402,,,,,-114.38348384,43.33765664,1465.858,,,,,1.886,m,FIX,2022-06-03 14:51:12.2 UTC-06:00,2022-06-03 14:51:12.2 UTC-06:00,1,1.7,,,,-114.3834972,43.33865517,1462.44,112.728,Global CS
403,,,,,-114.38348495,43.33765388,1465.861,,,,,1.886,m,FIX,2022-06-03 14:51:17.6 UTC-06:00,2022-06-03 14:51:17.6 UTC-06:00,1,1.6,,,,-114.3834972,43.33865517,1462.44,113.033,Global CS
404,,,,,-114.38348987,43.33765457,1465.874,,,,,1.886,m,FIX,2022-06-03 14:51:24.8 UTC-06:00,2022-06-03 14:51:24.8 UTC-06:00,1,1.7,,,,-114.3834972,43.33865517,1462.44,112.958,Global CS
405,,,,,-114.38355611,43.33759055,1466.150,,,,,1.886,m,FIX,2022-06-03 14:52:16.2 UTC-06:00,2022-06-03 14:52:16.2 UTC-06:00,1,1.7,,,,-114.3834972,43.33865517,1462.44,120.183,Global CS
406,,,,,-114.38355508,43.33759464,1466.175,,,,,1.886,m,FIX,2022-06-03 14:52:21.0 UTC-06:00,2022-06-03 14:52:21.0 UTC-06:00,1,1.7,,,,-114.3834972,43.33865517,1462.44,119.729,Global CS
407,,,,,-114.38356201,43.33759549,1466.193,,,,,1.886,m,FIX,2022-06-03 14:52:27.4 UTC-06:00,2022-06-03 14:52:27.4 UTC-06:00,1,1.7,,,,-114.3834972,43.33865517,1462.44,119.656,Global CS
408,,,,,-114.38356257,43.33759085,1466.191,,,,,1.886,m,FIX,2022-06-03 14:52:33.0 UTC-06:00,2022-06-03 14:52:33.0 UTC-06:00,1,1.5,,,,-114.3834972,43.33865517,1462.44,120.169,Global CS
409,,,,,-114.38354244,43.33757456,1466.186,,,,,1.886,m,FIX,2022-06-03 14:53:29.4 UTC-06:00,2022-06-03 14:53:29.4 UTC-06:00,1,1.9,,,,-114.3834972,43.33865517,1462.44,121.913,Global CS
410,,,,,-114.38376299,43.33796906,1466.753,,,,,1.886,m,FIX,2022-06-03 14:56:18.8 UTC-06:00,2022-06-03 14:56:18.8 UTC-06:00,1,1.7,,,,-114.3834972,43.33865517,1462.44,81.033,Global CS
411,,,,,-114.38376017,43.33797367,1466.720,,,,,1.886,m,FIX,2022-06-03 14:56:26.0 UTC-06:00,2022-06-03 14:56:26.0 UTC-06:00,1,1.7,,,,-114.3834972,43.33865517,1462.44,80.48,Global CS
412,,,,,-114.38376691,43.33797519,1466.794,,,,,1.886,m,FIX,2022-06-03 14:56:32.6 UTC-06:00,2022-06-03 14:56:32.6 UTC-06:00,1,1.7,,,,-114.3834972,43.33865517,1462.44,80.47,Global CS
413,,,,,-114.38376867,43.33797077,1466.760,,,,,1.886,m,FIX,2022-06-03 14:56:38.4 UTC-06:00,2022-06-03 14:56:38.4 UTC-06:00,1,1.7,,,,-114.3834972,43.33865517,1462.44,80.982,Global CS
414,,,,,-114.38410274,43.33852307,1468.300,,,,,1.886,m,FIX,2022-06-03 15:03:34.4 UTC-06:00,2022-06-03 15:03:34.4 UTC-06:00,1,1.6,,,,-114.3834972,43.33865517,1462.44,52.198,Global CS
415,,,,,-114.38410690,43.33852675,1468.317,,,,,1.886,m,FIX,2022-06-03 15:03:41.8 UTC-06:00,2022-06-03 15:03:41.8 UTC-06:00,1,1.6,,,,-114.3834972,43.33865517,1462.44,52.392,Global CS
416,,,,,-114.38411194,43.33852250,1468.338,,,,,1.886,m,FIX,2022-06-03 15:03:48.4 UTC-06:00,2022-06-03 15:03:48.4 UTC-06:00,1,1.6,,,,-114.3834972,43.33865517,1462.44,52.928,Global CS
417,,,,,-114.38410569,43.33851960,1468.300,,,,,1.886,m,FIX,2022-06-03 15:03:54.4 UTC-06:00,2022-06-03 15:03:54.4 UTC-06:00,1,1.6,,,,-114.3834972,43.33865517,1462.44,52.549,Global CS
418,,,,,-114.38422421,43.33892364,1469.655,,,,,1.886,m,FIX,2022-06-03 15:06:15.6 UTC-06:00,2022-06-03 15:06:15.6 UTC-06:00,1,1.6,,,,-114.3834972,43.33865517,1462.44,65.746,Global CS
419,,,,,-114.38422341,43.33892021,1469.650,,,,,1.886,m,FIX,2022-06-03 15:06:23.8 UTC-06:00,2022-06-03 15:06:23.8 UTC-06:00,1,1.6,,,,-114.3834972,43.33865517,1462.44,65.521,Global CS
420,,,,,-114.38421825,43.33892361,1469.636,,,,,1.886,m,FIX,2022-06-03 15:06:30.2 UTC-06:00,2022-06-03 15:06:30.2 UTC-06:00,1,1.6,,,,-114.3834972,43.33865517,1462.44,65.306,Global CS
421,,,,,-114.38421958,43.33891936,1469.622,,,,,1.886,m,FIX,2022-06-03 15:06:36.4 UTC-06:00,2022-06-03 15:06:36.4 UTC-06:00,1,1.6,,,,-114.3834972,43.33865517,1462.44,65.204,Global CS
422,,,,,-114.38426286,43.33900005,1470.280,,,,,1.886,m,FIX,2022-06-03 15:09:34.8 UTC-06:00,2022-06-03 15:09:34.8 UTC-06:00,1,1.5,,,,-114.3834972,43.33865517,1462.44,72.517,Global CS
423,,,,,-114.38426037,43.33900480,1470.294,,,,,1.886,m,FIX,2022-06-03 15:09:42.0 UTC-06:00,2022-06-03 15:09:42.0 UTC-06:00,1,1.5,,,,-114.3834972,43.33865517,1462.44,72.606,Global CS
424,,,,,-114.38425410,43.33900304,1470.234,,,,,1.886,m,FIX,2022-06-03 15:09:48.2 UTC-06:00,2022-06-03 15:09:48.2 UTC-06:00,1,1.5,,,,-114.3834972,43.33865517,1462.44,72.069,Global CS
425,,,,,-114.38425630,43.33899941,1470.231,,,,,1.886,m,FIX,2022-06-03 15:09:55.0 UTC-06:00,2022-06-03 15:09:55.0 UTC-06:00,1,1.5,,,,-114.3834972,43.33865517,1462.44,72.017,Global CS
426,,,,,-114.38434267,43.33903385,1470.954,,,,,1.886,m,FIX,2022-06-03 15:11:09.6 UTC-06:00,2022-06-03 15:11:09.6 UTC-06:00,1,1.5,,,,-114.3834972,43.33865517,1462.44,79.989,Global CS
427,,,,,-114.38434110,43.33903691,1470.968,,,,,1.886,m,FIX,2022-06-03 15:11:15.4 UTC-06:00,2022-06-03 15:11:15.4 UTC-06:00,1,1.5,,,,-114.3834972,43.33865517,1462.44,80.084,Global CS
428,,,,,-114.38434552,43.33903835,1470.999,,,,,1.886,m,FIX,2022-06-03 15:11:21.6 UTC-06:00,2022-06-03 15:11:21.6 UTC-06:00,1,1.5,,,,-114.3834972,43.33865517,1462.44,80.481,Global CS
429,,,,,-114.38434750,43.33903570,1471.031,,,,,1.886,m,FIX,2022-06-03 15:11:27.2 UTC-06:00,2022-06-03 15:11:27.2 UTC-06:00,1,1.5,,,,-114.3834972,43.33865517,1462.44,80.472,Global CS
430,,,,,-114.38429104,43.33897763,1470.300,,,,,1.886,m,FIX,2022-06-03 15:12:02.2 UTC-06:00,2022-06-03 15:12:02.2 UTC-06:00,1,1.5,,,,-114.3834972,43.33865517,1462.44,73.301,Global CS
431,,,,,-114.38428517,43.33897844,1470.285,,,,,1.886,m,FIX,2022-06-03 15:12:08.6 UTC-06:00,2022-06-03 15:12:08.6 UTC-06:00,1,1.5,,,,-114.3834972,43.33865517,1462.44,72.918,Global CS
432,,,,,-114.38429140,43.33897122,1470.257,,,,,1.886,m,FIX,2022-06-03 15:12:15.8 UTC-06:00,2022-06-03 15:12:15.8 UTC-06:00,1,1.5,,,,-114.3834972,43.33865517,1462.44,72.995,Global CS
433,,,,,-114.38428383,43.33897338,1470.211,,,,,1.886,m,FIX,2022-06-03 15:12:22.8 UTC-06:00,2022-06-03 15:12:22.8 UTC-06:00,1,1.5,,,,-114.3834972,43.33865517,1462.44,72.561,Global CS
434,,,,,-114.38426582,43.33898369,1470.144,,,,,1.886,m,FIX,2022-06-03 15:13:43.2 UTC-06:00,2022-06-03 15:13:43.2 UTC-06:00,1,2.2,,,,-114.3834972,43.33865517,1462.44,71.814,Global CS
2,,,,,-nan,-nan,-nan,,,,,1.886,m,FLOAT,2022-06-03 10:30:01.2 UTC-06:00,2022-06-03 10:30:01.2 UTC-06:00,1,1.3,,,,-114.3834972,43.33865517,1462.44,17.964,Global CS
3,,,,,-nan,-nan,-nan,,,,,1.886,m,FLOAT,2022-06-03 10:30:21.0 UTC-06:00,2022-06-03 10:30:21.0 UTC-06:00,1,1.3,,,,-114.3834972,43.33865517,1462.44,18.727,Global CS
4,,,,,-nan,-nan,-nan,,,,,1.886,m,FLOAT,2022-06-03 10:30:32.8 UTC-06:00,2022-06-03 10:30:32.8 UTC-06:00,1,1.3,,,,-114.3834972,43.33865517,1462.44,18.593,Global CS
55,,,,,-nan,-nan,-nan,,,,,1.886,m,FLOAT,2022-06-03 10:47:16.0 UTC-06:00,2022-06-03 10:47:16.0 UTC-06:00,1,1.4,,,,-114.3834972,43.33865517,1462.44,52.873,Global CS
229,,,,,-nan,-nan,-nan,,,,,1.886,m,FLOAT,2022-06-03 13:33:26.8 UTC-06:00,2022-06-03 13:33:26.8 UTC-06:00,1,1.5,,,,-114.3834972,43.33865517,1462.44,80.745,Global CS
230,,,,,-nan,-nan,-nan,,,,,1.886,m,FLOAT,2022-06-03 13:33:36.2 UTC-06:00,2022-06-03 13:33:36.2 UTC-06:00,1,1.5,,,,-114.3834972,43.33865517,1462.44,78.719,Global CS
231,,,,,-nan,-nan,-nan,,,,,1.886,m,FLOAT,2022-06-03 13:33:46.6 UTC-06:00,2022-06-03 13:33:46.6 UTC-06:00,1,1.5,,,,-114.3834972,43.33865517,1462.44,77.302,Global CS
233,,,,,-nan,-nan,-nan,,,,,1.886,m,FLOAT,2022-06-03 13:34:16.2 UTC-06:00,2022-06-03 13:34:16.2 UTC-06:00,1,1.5,,,,-114.3834972,43.33865517,1462.44,87.452,Global CS
234,,,,,-nan,-nan,-nan,,,,,1.886,m,FLOAT,2022-06-03 13:34:24.2 UTC-06:00,2022-06-03 13:34:24.2 UTC-06:00,1,1.5,,,,-114.3834972,43.33865517,1462.44,88.007,Global CS
237,,,,,-nan,-nan,-nan,,,,,1.886,m,FLOAT,2022-06-03 13:34:56.2 UTC-06:00,2022-06-03 13:34:56.2 UTC-06:00,1,1.6,,,,-114.3834972,43.33865517,1462.44,88.587,Global CS
243,,,,,-nan,-nan,-nan,,,,,1.886,m,FLOAT,2022-06-03 13:36:03.4 UTC-06:00,2022-06-03 13:36:03.4 UTC-06:00,1,1.6,,,,-114.3834972,43.33865517,1462.44,90.007,Global CS
286,,,,,-nan,-nan,-nan,,,,,1.886,m,FLOAT,2022-06-03 13:51:07.0 UTC-06:00,2022-06-03 13:51:07.0 UTC-06:00,1,1.5,,,,-114.3834972,43.33865517,1462.44,73.519,Global CS
287,,,,,-nan,-nan,-nan,,,,,1.886,m,FLOAT,2022-06-03 13:51:15.8 UTC-06:00,2022-06-03 13:51:15.8 UTC-06:00,1,1.5,,,,-114.3834972,43.33865517,1462.44,72.96,Global CS
288,,,,,-nan,-nan,-nan,,,,,1.886,m,FLOAT,2022-06-03 13:51:31.0 UTC-06:00,2022-06-03 13:51:31.0 UTC-06:00,1,1.5,,,,-114.3834972,43.33865517,1462.44,75.127,Global CS
289,,,,,-nan,-nan,-nan,,,,,1.886,m,FLOAT,2022-06-03 13:51:39.6 UTC-06:00,2022-06-03 13:51:39.6 UTC-06:00,1,1.5,,,,-114.3834972,43.33865517,1462.44,75.67,Global CS
290,,,,,-nan,-nan,-nan,,,,,1.886,m,FLOAT,2022-06-03 13:51:49.2 UTC-06:00,2022-06-03 13:51:49.2 UTC-06:00,1,1.5,,,,-114.3834972,43.33865517,1462.44,75.12,Global CS
291,,,,,-nan,-nan,-nan,,,,,1.886,m,FLOAT,2022-06-03 13:51:57.4 UTC-06:00,2022-06-03 13:51:57.4 UTC-06:00,1,1.5,,,,-114.3834972,43.33865517,1462.44,74.717,Global CS
310,,,,,-nan,-nan,-nan,,,,,1.886,m,FLOAT,2022-06-03 14:05:12.6 UTC-06:00,2022-06-03 14:05:12.6 UTC-06:00,1,1.7,,,,-114.3834972,43.33865517,1462.44,39.217,Global CS
331,,,,,-nan,-nan,-nan,,,,,1.886,m,FLOAT,2022-06-03 14:13:32.2 UTC-06:00,2022-06-03 14:13:32.2 UTC-06:00,1,1.5,,,,-114.3834972,43.33865517,1462.44,94.072,Global CS
333,,,,,-nan,-nan,-nan,,,,,1.886,m,FLOAT,2022-06-03 14:13:43.6 UTC-06:00,2022-06-03 14:13:43.6 UTC-06:00,1,1.5,,,,-114.3834972,43.33865517,1462.44,93.258,Global CS
364,,,,,-nan,-nan,-nan,,,,,1.886,m,FLOAT,2022-06-03 14:31:11.2 UTC-06:00,2022-06-03 14:31:11.2 UTC-06:00,1,1.5,,,,-114.3834972,43.33865517,1462.44,68.03,Global CS
365,,,,,-nan,-nan,-nan,,,,,1.886,m,FLOAT,2022-06-03 14:31:20.8 UTC-06:00,2022-06-03 14:31:20.8 UTC-06:00,1,1.5,,,,-114.3834972,43.33865517,1462.44,68.197,Global CS
374,,,,,-nan,-nan,-nan,,,,,1.886,m,FLOAT,2022-06-03 14:34:03.8 UTC-06:00,2022-06-03 14:34:03.8 UTC-06:00,1,1.5,,,,-114.3834972,43.33865517,1462.44,90.516,Global CS
1,,,,,-nan,-nan,-nan,,,,,1.886,m,SINGLE,2022-06-03 10:24:01.0 UTC-06:00,2022-06-03 10:24:01.0 UTC-06:00,1,1.3,,,,,,,,Global CS
296,,,,,-nan,-nan,-nan,,,,,1.886,m,SINGLE,2022-06-03 13:56:18.7 UTC-06:00,2022-06-03 13:56:18.7 UTC-06:00,1,1.5,,,,,,,,Global CS
297,,,,,-nan,-nan,-nan,,,,,1.886,m,SINGLE,2022-06-03 13:56:26.5 UTC-06:00,2022-06-03 13:56:26.5 UTC-06:00,1,1.5,,,,,,,,Global CS
298,,,,,-nan,-nan,-nan,,,,,1.886,m,SINGLE,2022-06-03 13:56:34.7 UTC-06:00,2022-06-03 13:56:34.7 UTC-06:00,1,1.5,,,,,,,,Global CS
299,,,,,-nan,-nan,-nan,,,,,1.886,m,SINGLE,2022-06-03 13:56:45.7 UTC-06:00,2022-06-03 13:56:45.7 UTC-06:00,1,1.5,,,,,,,,Global CS
300,,,,,-nan,-nan,-nan,,,,,1.886,m,SINGLE,2022-06-03 14:03:05.3 UTC-06:00,2022-06-03 14:03:05.3 UTC-06:00,1,1.5,,,,,,,,Global CS
